ts,pod,cpu,memory
2026-09-30T04:04:47.887993+00:00,kafka-0,11m,585Mi
2026-09-30T04:04:47.887993+00:00,sftp-0,2m,1Mi
2026-09-30T04:04:47.887993+00:00,trishul-ram-manager-0,8m,139Mi
2026-09-30T04:04:47.887993+00:00,trishul-ram-worker-0,5m,74Mi
2026-09-30T04:04:47.887993+00:00,trishul-ram-worker-1,4m,71Mi
2026-09-30T04:04:47.887993+00:00,trishul-ram-worker-2,5m,46Mi
2026-09-30T04:04:53.013705+00:00,kafka-0,11m,585Mi
2026-09-30T04:04:53.013705+00:00,sftp-0,2m,1Mi
2026-09-30T04:04:53.013705+00:00,trishul-ram-manager-0,8m,139Mi
2026-09-30T04:04:53.013705+00:00,trishul-ram-worker-0,5m,74Mi
2026-09-30T04:04:53.013705+00:00,trishul-ram-worker-1,4m,71Mi
2026-09-30T04:04:53.013705+00:00,trishul-ram-worker-2,5m,46Mi
2026-09-30T04:04:58.113070+00:00,kafka-0,11m,585Mi
2026-09-30T04:04:58.113070+00:00,sftp-0,2m,1Mi
2026-09-30T04:04:58.113070+00:00,trishul-ram-manager-0,8m,139Mi
2026-09-30T04:04:58.113070+00:00,trishul-ram-worker-0,5m,74Mi
2026-09-30T04:04:58.113070+00:00,trishul-ram-worker-1,4m,71Mi
2026-09-30T04:04:58.113070+00:00,trishul-ram-worker-2,5m,46Mi
2026-09-30T04:05:03.231221+00:00,kafka-0,10m,585Mi
2026-09-30T04:05:03.231221+00:00,sftp-0,2m,1Mi
2026-09-30T04:05:03.231221+00:00,trishul-ram-manager-0,8m,139Mi
2026-09-30T04:05:03.231221+00:00,trishul-ram-worker-0,17m,77Mi
2026-09-30T04:05:03.231221+00:00,trishul-ram-worker-1,5m,71Mi
2026-09-30T04:05:03.231221+00:00,trishul-ram-worker-2,5m,46Mi
2026-09-30T04:05:08.324062+00:00,kafka-0,10m,585Mi
2026-09-30T04:05:08.324062+00:00,sftp-0,2m,1Mi
2026-09-30T04:05:08.324062+00:00,trishul-ram-manager-0,8m,139Mi
2026-09-30T04:05:08.324062+00:00,trishul-ram-worker-0,17m,77Mi
2026-09-30T04:05:08.324062+00:00,trishul-ram-worker-1,5m,71Mi
2026-09-30T04:05:08.324062+00:00,trishul-ram-worker-2,5m,46Mi
2026-09-30T04:05:13.412070+00:00,kafka-0,10m,585Mi
2026-09-30T04:05:13.412070+00:00,sftp-0,2m,1Mi
2026-09-30T04:05:13.412070+00:00,trishul-ram-manager-0,8m,139Mi
2026-09-30T04:05:13.412070+00:00,trishul-ram-worker-0,17m,77Mi
2026-09-30T04:05:13.412070+00:00,trishul-ram-worker-1,5m,71Mi
2026-09-30T04:05:13.412070+00:00,trishul-ram-worker-2,5m,46Mi
2026-09-30T04:05:18.500768+00:00,kafka-0,10m,585Mi
2026-09-30T04:05:18.500768+00:00,sftp-0,2m,1Mi
2026-09-30T04:05:18.500768+00:00,trishul-ram-manager-0,10m,139Mi
2026-09-30T04:05:18.500768+00:00,trishul-ram-worker-0,15m,77Mi
2026-09-30T04:05:18.500768+00:00,trishul-ram-worker-1,4m,71Mi
2026-09-30T04:05:18.500768+00:00,trishul-ram-worker-2,5m,46Mi
2026-09-30T04:05:23.593194+00:00,kafka-0,10m,585Mi
2026-09-30T04:05:23.593194+00:00,sftp-0,2m,1Mi
2026-09-30T04:05:23.593194+00:00,trishul-ram-manager-0,10m,139Mi
2026-09-30T04:05:23.593194+00:00,trishul-ram-worker-0,15m,77Mi
2026-09-30T04:05:23.593194+00:00,trishul-ram-worker-1,4m,71Mi
2026-09-30T04:05:23.593194+00:00,trishul-ram-worker-2,5m,46Mi
2026-09-30T04:05:28.702285+00:00,kafka-0,10m,585Mi
2026-09-30T04:05:28.702285+00:00,sftp-0,2m,1Mi
2026-09-30T04:05:28.702285+00:00,trishul-ram-manager-0,10m,139Mi
2026-09-30T04:05:28.702285+00:00,trishul-ram-worker-0,15m,77Mi
2026-09-30T04:05:28.702285+00:00,trishul-ram-worker-1,4m,71Mi
2026-09-30T04:05:28.702285+00:00,trishul-ram-worker-2,5m,46Mi
2026-09-30T04:05:33.805267+00:00,kafka-0,9m,585Mi
2026-09-30T04:05:33.805267+00:00,sftp-0,2m,1Mi
2026-09-30T04:05:33.805267+00:00,trishul-ram-manager-0,8m,139Mi
2026-09-30T04:05:33.805267+00:00,trishul-ram-worker-0,14m,77Mi
2026-09-30T04:05:33.805267+00:00,trishul-ram-worker-1,4m,71Mi
2026-09-30T04:05:33.805267+00:00,trishul-ram-worker-2,4m,46Mi
2026-09-30T04:05:38.891795+00:00,kafka-0,9m,585Mi
2026-09-30T04:05:38.891795+00:00,sftp-0,2m,1Mi
2026-09-30T04:05:38.891795+00:00,trishul-ram-manager-0,8m,139Mi
2026-09-30T04:05:38.891795+00:00,trishul-ram-worker-0,14m,77Mi
2026-09-30T04:05:38.891795+00:00,trishul-ram-worker-1,4m,71Mi
2026-09-30T04:05:38.891795+00:00,trishul-ram-worker-2,4m,46Mi
2026-09-30T04:05:44.004814+00:00,kafka-0,9m,585Mi
2026-09-30T04:05:44.004814+00:00,sftp-0,2m,1Mi
2026-09-30T04:05:44.004814+00:00,trishul-ram-manager-0,8m,139Mi
2026-09-30T04:05:44.004814+00:00,trishul-ram-worker-0,14m,77Mi
2026-09-30T04:05:44.004814+00:00,trishul-ram-worker-1,4m,71Mi
2026-09-30T04:05:44.004814+00:00,trishul-ram-worker-2,4m,46Mi
2026-09-30T04:05:49.122243+00:00,kafka-0,9m,585Mi
2026-09-30T04:05:49.122243+00:00,sftp-0,2m,1Mi
2026-09-30T04:05:49.122243+00:00,trishul-ram-manager-0,9m,139Mi
2026-09-30T04:05:49.122243+00:00,trishul-ram-worker-0,14m,77Mi
2026-09-30T04:05:49.122243+00:00,trishul-ram-worker-1,4m,71Mi
2026-09-30T04:05:49.122243+00:00,trishul-ram-worker-2,5m,46Mi
2026-09-30T04:05:54.219866+00:00,kafka-0,9m,585Mi
2026-09-30T04:05:54.219866+00:00,sftp-0,2m,1Mi
2026-09-30T04:05:54.219866+00:00,trishul-ram-manager-0,9m,139Mi
2026-09-30T04:05:54.219866+00:00,trishul-ram-worker-0,14m,77Mi
2026-09-30T04:05:54.219866+00:00,trishul-ram-worker-1,4m,71Mi
2026-09-30T04:05:54.219866+00:00,trishul-ram-worker-2,5m,46Mi
2026-09-30T04:05:59.322252+00:00,kafka-0,9m,585Mi
2026-09-30T04:05:59.322252+00:00,sftp-0,2m,1Mi
2026-09-30T04:05:59.322252+00:00,trishul-ram-manager-0,9m,139Mi
2026-09-30T04:05:59.322252+00:00,trishul-ram-worker-0,14m,77Mi
2026-09-30T04:05:59.322252+00:00,trishul-ram-worker-1,4m,71Mi
2026-09-30T04:05:59.322252+00:00,trishul-ram-worker-2,5m,46Mi
2026-09-30T04:06:04.423324+00:00,kafka-0,10m,585Mi
2026-09-30T04:06:04.423324+00:00,sftp-0,2m,1Mi
2026-09-30T04:06:04.423324+00:00,trishul-ram-manager-0,9m,139Mi
2026-09-30T04:06:04.423324+00:00,trishul-ram-worker-0,15m,77Mi
2026-09-30T04:06:04.423324+00:00,trishul-ram-worker-1,4m,71Mi
2026-09-30T04:06:04.423324+00:00,trishul-ram-worker-2,5m,46Mi
2026-09-30T04:06:09.518295+00:00,kafka-0,10m,585Mi
2026-09-30T04:06:09.518295+00:00,sftp-0,2m,1Mi
2026-09-30T04:06:09.518295+00:00,trishul-ram-manager-0,9m,139Mi
2026-09-30T04:06:09.518295+00:00,trishul-ram-worker-0,15m,77Mi
2026-09-30T04:06:09.518295+00:00,trishul-ram-worker-1,4m,71Mi
2026-09-30T04:06:09.518295+00:00,trishul-ram-worker-2,5m,46Mi
2026-09-30T04:06:14.614337+00:00,kafka-0,10m,585Mi
2026-09-30T04:06:14.614337+00:00,sftp-0,2m,1Mi
2026-09-30T04:06:14.614337+00:00,trishul-ram-manager-0,9m,139Mi
2026-09-30T04:06:14.614337+00:00,trishul-ram-worker-0,15m,77Mi
2026-09-30T04:06:14.614337+00:00,trishul-ram-worker-1,4m,71Mi
2026-09-30T04:06:14.614337+00:00,trishul-ram-worker-2,5m,46Mi
2026-09-30T04:06:19.706493+00:00,kafka-0,9m,585Mi
2026-09-30T04:06:19.706493+00:00,sftp-0,2m,1Mi
2026-09-30T04:06:19.706493+00:00,trishul-ram-manager-0,9m,139Mi
2026-09-30T04:06:19.706493+00:00,trishul-ram-worker-0,15m,77Mi
2026-09-30T04:06:19.706493+00:00,trishul-ram-worker-1,4m,71Mi
2026-09-30T04:06:19.706493+00:00,trishul-ram-worker-2,5m,46Mi
2026-09-30T04:06:24.802205+00:00,kafka-0,9m,585Mi
2026-09-30T04:06:24.802205+00:00,sftp-0,2m,1Mi
2026-09-30T04:06:24.802205+00:00,trishul-ram-manager-0,9m,139Mi
2026-09-30T04:06:24.802205+00:00,trishul-ram-worker-0,15m,77Mi
2026-09-30T04:06:24.802205+00:00,trishul-ram-worker-1,4m,71Mi
2026-09-30T04:06:24.802205+00:00,trishul-ram-worker-2,5m,46Mi
2026-09-30T04:06:29.895236+00:00,kafka-0,9m,585Mi
2026-09-30T04:06:29.895236+00:00,sftp-0,2m,1Mi
2026-09-30T04:06:29.895236+00:00,trishul-ram-manager-0,9m,139Mi
2026-09-30T04:06:29.895236+00:00,trishul-ram-worker-0,15m,77Mi
2026-09-30T04:06:29.895236+00:00,trishul-ram-worker-1,4m,71Mi
2026-09-30T04:06:29.895236+00:00,trishul-ram-worker-2,5m,46Mi
2026-09-30T04:06:35.030381+00:00,kafka-0,11m,585Mi
2026-09-30T04:06:35.030381+00:00,sftp-0,2m,1Mi
2026-09-30T04:06:35.030381+00:00,trishul-ram-manager-0,6m,139Mi
2026-09-30T04:06:35.030381+00:00,trishul-ram-worker-0,15m,77Mi
2026-09-30T04:06:35.030381+00:00,trishul-ram-worker-1,4m,71Mi
2026-09-30T04:06:35.030381+00:00,trishul-ram-worker-2,5m,46Mi
2026-09-30T04:06:40.147602+00:00,kafka-0,11m,585Mi
2026-09-30T04:06:40.147602+00:00,sftp-0,2m,1Mi
2026-09-30T04:06:40.147602+00:00,trishul-ram-manager-0,6m,139Mi
2026-09-30T04:06:40.147602+00:00,trishul-ram-worker-0,15m,77Mi
2026-09-30T04:06:40.147602+00:00,trishul-ram-worker-1,4m,71Mi
2026-09-30T04:06:40.147602+00:00,trishul-ram-worker-2,5m,46Mi
2026-09-30T04:06:45.242131+00:00,kafka-0,11m,585Mi
2026-09-30T04:06:45.242131+00:00,sftp-0,2m,1Mi
2026-09-30T04:06:45.242131+00:00,trishul-ram-manager-0,6m,139Mi
2026-09-30T04:06:45.242131+00:00,trishul-ram-worker-0,15m,77Mi
2026-09-30T04:06:45.242131+00:00,trishul-ram-worker-1,4m,71Mi
2026-09-30T04:06:45.242131+00:00,trishul-ram-worker-2,5m,46Mi
2026-09-30T04:06:50.358856+00:00,kafka-0,10m,585Mi
2026-09-30T04:06:50.358856+00:00,sftp-0,2m,1Mi
2026-09-30T04:06:50.358856+00:00,trishul-ram-manager-0,10m,139Mi
2026-09-30T04:06:50.358856+00:00,trishul-ram-worker-0,15m,77Mi
2026-09-30T04:06:50.358856+00:00,trishul-ram-worker-1,4m,71Mi
2026-09-30T04:06:50.358856+00:00,trishul-ram-worker-2,4m,46Mi
2026-09-30T04:06:55.463593+00:00,kafka-0,10m,585Mi
2026-09-30T04:06:55.463593+00:00,sftp-0,2m,1Mi
2026-09-30T04:06:55.463593+00:00,trishul-ram-manager-0,10m,139Mi
2026-09-30T04:06:55.463593+00:00,trishul-ram-worker-0,15m,77Mi
2026-09-30T04:06:55.463593+00:00,trishul-ram-worker-1,4m,71Mi
2026-09-30T04:06:55.463593+00:00,trishul-ram-worker-2,4m,46Mi
2026-09-30T04:07:00.555280+00:00,kafka-0,10m,585Mi
2026-09-30T04:07:00.555280+00:00,sftp-0,2m,1Mi
2026-09-30T04:07:00.555280+00:00,trishul-ram-manager-0,10m,139Mi
2026-09-30T04:07:00.555280+00:00,trishul-ram-worker-0,15m,77Mi
2026-09-30T04:07:00.555280+00:00,trishul-ram-worker-1,4m,71Mi
2026-09-30T04:07:00.555280+00:00,trishul-ram-worker-2,4m,46Mi
2026-09-30T04:07:05.660221+00:00,kafka-0,9m,585Mi
2026-09-30T04:07:05.660221+00:00,sftp-0,2m,1Mi
2026-09-30T04:07:05.660221+00:00,trishul-ram-manager-0,7m,139Mi
2026-09-30T04:07:05.660221+00:00,trishul-ram-worker-0,15m,77Mi
2026-09-30T04:07:05.660221+00:00,trishul-ram-worker-1,4m,71Mi
2026-09-30T04:07:05.660221+00:00,trishul-ram-worker-2,4m,46Mi
2026-09-30T04:07:10.768593+00:00,kafka-0,9m,585Mi
2026-09-30T04:07:10.768593+00:00,sftp-0,2m,1Mi
2026-09-30T04:07:10.768593+00:00,trishul-ram-manager-0,7m,139Mi
2026-09-30T04:07:10.768593+00:00,trishul-ram-worker-0,15m,77Mi
2026-09-30T04:07:10.768593+00:00,trishul-ram-worker-1,4m,71Mi
2026-09-30T04:07:10.768593+00:00,trishul-ram-worker-2,4m,46Mi
2026-09-30T04:07:15.881697+00:00,kafka-0,9m,585Mi
2026-09-30T04:07:15.881697+00:00,sftp-0,2m,1Mi
2026-09-30T04:07:15.881697+00:00,trishul-ram-manager-0,7m,139Mi
2026-09-30T04:07:15.881697+00:00,trishul-ram-worker-0,15m,77Mi
2026-09-30T04:07:15.881697+00:00,trishul-ram-worker-1,4m,71Mi
2026-09-30T04:07:15.881697+00:00,trishul-ram-worker-2,4m,46Mi
2026-09-30T04:07:20.993900+00:00,kafka-0,9m,585Mi
2026-09-30T04:07:20.993900+00:00,sftp-0,2m,1Mi
2026-09-30T04:07:20.993900+00:00,trishul-ram-manager-0,8m,139Mi
2026-09-30T04:07:20.993900+00:00,trishul-ram-worker-0,15m,77Mi
2026-09-30T04:07:20.993900+00:00,trishul-ram-worker-1,4m,71Mi
2026-09-30T04:07:20.993900+00:00,trishul-ram-worker-2,4m,46Mi
2026-09-30T04:07:26.082199+00:00,kafka-0,9m,585Mi
2026-09-30T04:07:26.082199+00:00,sftp-0,2m,1Mi
2026-09-30T04:07:26.082199+00:00,trishul-ram-manager-0,8m,139Mi
2026-09-30T04:07:26.082199+00:00,trishul-ram-worker-0,15m,77Mi
2026-09-30T04:07:26.082199+00:00,trishul-ram-worker-1,4m,71Mi
2026-09-30T04:07:26.082199+00:00,trishul-ram-worker-2,4m,46Mi
2026-09-30T04:07:31.194837+00:00,kafka-0,9m,585Mi
2026-09-30T04:07:31.194837+00:00,sftp-0,2m,1Mi
2026-09-30T04:07:31.194837+00:00,trishul-ram-manager-0,9m,139Mi
2026-09-30T04:07:31.194837+00:00,trishul-ram-worker-0,15m,77Mi
2026-09-30T04:07:31.194837+00:00,trishul-ram-worker-1,4m,71Mi
2026-09-30T04:07:31.194837+00:00,trishul-ram-worker-2,4m,46Mi
2026-09-30T04:07:36.313036+00:00,kafka-0,9m,585Mi
2026-09-30T04:07:36.313036+00:00,sftp-0,2m,1Mi
2026-09-30T04:07:36.313036+00:00,trishul-ram-manager-0,9m,139Mi
2026-09-30T04:07:36.313036+00:00,trishul-ram-worker-0,15m,77Mi
2026-09-30T04:07:36.313036+00:00,trishul-ram-worker-1,4m,71Mi
2026-09-30T04:07:36.313036+00:00,trishul-ram-worker-2,4m,46Mi
2026-09-30T04:07:41.409292+00:00,kafka-0,9m,585Mi
2026-09-30T04:07:41.409292+00:00,sftp-0,2m,1Mi
2026-09-30T04:07:41.409292+00:00,trishul-ram-manager-0,9m,139Mi
2026-09-30T04:07:41.409292+00:00,trishul-ram-worker-0,15m,77Mi
2026-09-30T04:07:41.409292+00:00,trishul-ram-worker-1,4m,71Mi
2026-09-30T04:07:41.409292+00:00,trishul-ram-worker-2,4m,46Mi
2026-09-30T04:07:46.505594+00:00,kafka-0,10m,588Mi
2026-09-30T04:07:46.505594+00:00,sftp-0,2m,1Mi
2026-09-30T04:07:46.505594+00:00,trishul-ram-manager-0,7m,139Mi
2026-09-30T04:07:46.505594+00:00,trishul-ram-worker-0,16m,77Mi
2026-09-30T04:07:46.505594+00:00,trishul-ram-worker-1,4m,71Mi
2026-09-30T04:07:46.505594+00:00,trishul-ram-worker-2,4m,46Mi
2026-09-30T04:07:51.596481+00:00,kafka-0,10m,588Mi
2026-09-30T04:07:51.596481+00:00,sftp-0,2m,1Mi
2026-09-30T04:07:51.596481+00:00,trishul-ram-manager-0,7m,139Mi
2026-09-30T04:07:51.596481+00:00,trishul-ram-worker-0,16m,77Mi
2026-09-30T04:07:51.596481+00:00,trishul-ram-worker-1,4m,71Mi
2026-09-30T04:07:51.596481+00:00,trishul-ram-worker-2,4m,46Mi
2026-09-30T04:07:56.701046+00:00,kafka-0,10m,588Mi
2026-09-30T04:07:56.701046+00:00,sftp-0,2m,1Mi
2026-09-30T04:07:56.701046+00:00,trishul-ram-manager-0,7m,139Mi
2026-09-30T04:07:56.701046+00:00,trishul-ram-worker-0,16m,77Mi
2026-09-30T04:07:56.701046+00:00,trishul-ram-worker-1,4m,71Mi
2026-09-30T04:07:56.701046+00:00,trishul-ram-worker-2,4m,46Mi
2026-09-30T04:08:01.799521+00:00,kafka-0,9m,586Mi
2026-09-30T04:08:01.799521+00:00,sftp-0,2m,1Mi
2026-09-30T04:08:01.799521+00:00,trishul-ram-manager-0,8m,139Mi
2026-09-30T04:08:01.799521+00:00,trishul-ram-worker-0,16m,77Mi
2026-09-30T04:08:01.799521+00:00,trishul-ram-worker-1,4m,71Mi
2026-09-30T04:08:01.799521+00:00,trishul-ram-worker-2,4m,46Mi
2026-09-30T04:08:06.914155+00:00,kafka-0,9m,586Mi
2026-09-30T04:08:06.914155+00:00,sftp-0,2m,1Mi
2026-09-30T04:08:06.914155+00:00,trishul-ram-manager-0,8m,139Mi
2026-09-30T04:08:06.914155+00:00,trishul-ram-worker-0,16m,77Mi
2026-09-30T04:08:06.914155+00:00,trishul-ram-worker-1,4m,71Mi
2026-09-30T04:08:06.914155+00:00,trishul-ram-worker-2,4m,46Mi
2026-09-30T04:08:12.007198+00:00,kafka-0,9m,586Mi
2026-09-30T04:08:12.007198+00:00,sftp-0,2m,1Mi
2026-09-30T04:08:12.007198+00:00,trishul-ram-manager-0,8m,139Mi
2026-09-30T04:08:12.007198+00:00,trishul-ram-worker-0,16m,77Mi
2026-09-30T04:08:12.007198+00:00,trishul-ram-worker-1,4m,71Mi
2026-09-30T04:08:12.007198+00:00,trishul-ram-worker-2,4m,46Mi
2026-09-30T04:08:17.096972+00:00,kafka-0,9m,585Mi
2026-09-30T04:08:17.096972+00:00,sftp-0,2m,1Mi
2026-09-30T04:08:17.096972+00:00,trishul-ram-manager-0,8m,139Mi
2026-09-30T04:08:17.096972+00:00,trishul-ram-worker-0,16m,77Mi
2026-09-30T04:08:17.096972+00:00,trishul-ram-worker-1,4m,71Mi
2026-09-30T04:08:17.096972+00:00,trishul-ram-worker-2,4m,46Mi
2026-09-30T04:08:22.186415+00:00,kafka-0,9m,585Mi
2026-09-30T04:08:22.186415+00:00,sftp-0,2m,1Mi
2026-09-30T04:08:22.186415+00:00,trishul-ram-manager-0,8m,139Mi
2026-09-30T04:08:22.186415+00:00,trishul-ram-worker-0,16m,77Mi
2026-09-30T04:08:22.186415+00:00,trishul-ram-worker-1,4m,71Mi
2026-09-30T04:08:22.186415+00:00,trishul-ram-worker-2,4m,46Mi
2026-09-30T04:08:27.271216+00:00,kafka-0,9m,585Mi
2026-09-30T04:08:27.271216+00:00,sftp-0,2m,1Mi
2026-09-30T04:08:27.271216+00:00,trishul-ram-manager-0,8m,139Mi
2026-09-30T04:08:27.271216+00:00,trishul-ram-worker-0,16m,77Mi
2026-09-30T04:08:27.271216+00:00,trishul-ram-worker-1,4m,71Mi
2026-09-30T04:08:27.271216+00:00,trishul-ram-worker-2,4m,46Mi
2026-09-30T04:08:32.363675+00:00,kafka-0,9m,586Mi
2026-09-30T04:08:32.363675+00:00,sftp-0,2m,1Mi
2026-09-30T04:08:32.363675+00:00,trishul-ram-manager-0,9m,139Mi
2026-09-30T04:08:32.363675+00:00,trishul-ram-worker-0,16m,77Mi
2026-09-30T04:08:32.363675+00:00,trishul-ram-worker-1,4m,71Mi
2026-09-30T04:08:32.363675+00:00,trishul-ram-worker-2,4m,46Mi
2026-09-30T04:08:37.454709+00:00,kafka-0,9m,586Mi
2026-09-30T04:08:37.454709+00:00,sftp-0,2m,1Mi
2026-09-30T04:08:37.454709+00:00,trishul-ram-manager-0,9m,139Mi
2026-09-30T04:08:37.454709+00:00,trishul-ram-worker-0,16m,77Mi
2026-09-30T04:08:37.454709+00:00,trishul-ram-worker-1,4m,71Mi
2026-09-30T04:08:37.454709+00:00,trishul-ram-worker-2,4m,46Mi
2026-09-30T04:08:42.553876+00:00,kafka-0,9m,586Mi
2026-09-30T04:08:42.553876+00:00,sftp-0,2m,1Mi
2026-09-30T04:08:42.553876+00:00,trishul-ram-manager-0,9m,139Mi
2026-09-30T04:08:42.553876+00:00,trishul-ram-worker-0,16m,77Mi
2026-09-30T04:08:42.553876+00:00,trishul-ram-worker-1,4m,71Mi
2026-09-30T04:08:42.553876+00:00,trishul-ram-worker-2,4m,46Mi
2026-09-30T04:08:47.649017+00:00,kafka-0,9m,586Mi
2026-09-30T04:08:47.649017+00:00,sftp-0,2m,1Mi
2026-09-30T04:08:47.649017+00:00,trishul-ram-manager-0,6m,139Mi
2026-09-30T04:08:47.649017+00:00,trishul-ram-worker-0,17m,77Mi
2026-09-30T04:08:47.649017+00:00,trishul-ram-worker-1,4m,71Mi
2026-09-30T04:08:47.649017+00:00,trishul-ram-worker-2,4m,46Mi
2026-09-30T04:08:52.787244+00:00,kafka-0,9m,586Mi
2026-09-30T04:08:52.787244+00:00,sftp-0,2m,1Mi
2026-09-30T04:08:52.787244+00:00,trishul-ram-manager-0,6m,139Mi
2026-09-30T04:08:52.787244+00:00,trishul-ram-worker-0,17m,77Mi
2026-09-30T04:08:52.787244+00:00,trishul-ram-worker-1,4m,71Mi
2026-09-30T04:08:52.787244+00:00,trishul-ram-worker-2,4m,46Mi
2026-09-30T04:08:57.873286+00:00,kafka-0,9m,586Mi
2026-09-30T04:08:57.873286+00:00,sftp-0,2m,1Mi
2026-09-30T04:08:57.873286+00:00,trishul-ram-manager-0,6m,139Mi
2026-09-30T04:08:57.873286+00:00,trishul-ram-worker-0,17m,77Mi
2026-09-30T04:08:57.873286+00:00,trishul-ram-worker-1,4m,71Mi
2026-09-30T04:08:57.873286+00:00,trishul-ram-worker-2,4m,46Mi
2026-09-30T04:09:02.968781+00:00,kafka-0,11m,586Mi
2026-09-30T04:09:02.968781+00:00,sftp-0,2m,1Mi
2026-09-30T04:09:02.968781+00:00,trishul-ram-manager-0,7m,139Mi
2026-09-30T04:09:02.968781+00:00,trishul-ram-worker-0,24m,78Mi
2026-09-30T04:09:02.968781+00:00,trishul-ram-worker-1,4m,71Mi
2026-09-30T04:09:02.968781+00:00,trishul-ram-worker-2,4m,46Mi
2026-09-30T04:09:08.062111+00:00,kafka-0,11m,586Mi
2026-09-30T04:09:08.062111+00:00,sftp-0,2m,1Mi
2026-09-30T04:09:08.062111+00:00,trishul-ram-manager-0,7m,139Mi
2026-09-30T04:09:08.062111+00:00,trishul-ram-worker-0,24m,78Mi
2026-09-30T04:09:08.062111+00:00,trishul-ram-worker-1,4m,71Mi
2026-09-30T04:09:08.062111+00:00,trishul-ram-worker-2,4m,46Mi
2026-09-30T04:09:13.153698+00:00,kafka-0,11m,586Mi
2026-09-30T04:09:13.153698+00:00,sftp-0,2m,1Mi
2026-09-30T04:09:13.153698+00:00,trishul-ram-manager-0,7m,139Mi
2026-09-30T04:09:13.153698+00:00,trishul-ram-worker-0,24m,78Mi
2026-09-30T04:09:13.153698+00:00,trishul-ram-worker-1,4m,71Mi
2026-09-30T04:09:13.153698+00:00,trishul-ram-worker-2,4m,46Mi
2026-09-30T04:09:18.245672+00:00,kafka-0,9m,586Mi
2026-09-30T04:09:18.245672+00:00,sftp-0,2m,1Mi
2026-09-30T04:09:18.245672+00:00,trishul-ram-manager-0,12m,139Mi
2026-09-30T04:09:18.245672+00:00,trishul-ram-worker-0,23m,74Mi
2026-09-30T04:09:18.245672+00:00,trishul-ram-worker-1,4m,71Mi
2026-09-30T04:09:18.245672+00:00,trishul-ram-worker-2,4m,46Mi
2026-09-30T04:09:23.340481+00:00,kafka-0,9m,586Mi
2026-09-30T04:09:23.340481+00:00,sftp-0,2m,1Mi
2026-09-30T04:09:23.340481+00:00,trishul-ram-manager-0,12m,139Mi
2026-09-30T04:09:23.340481+00:00,trishul-ram-worker-0,23m,74Mi
2026-09-30T04:09:23.340481+00:00,trishul-ram-worker-1,4m,71Mi
2026-09-30T04:09:23.340481+00:00,trishul-ram-worker-2,4m,46Mi
2026-09-30T04:09:28.431673+00:00,kafka-0,9m,586Mi
2026-09-30T04:09:28.431673+00:00,sftp-0,2m,1Mi
2026-09-30T04:09:28.431673+00:00,trishul-ram-manager-0,12m,139Mi
2026-09-30T04:09:28.431673+00:00,trishul-ram-worker-0,23m,74Mi
2026-09-30T04:09:28.431673+00:00,trishul-ram-worker-1,4m,71Mi
2026-09-30T04:09:28.431673+00:00,trishul-ram-worker-2,4m,46Mi
2026-09-30T04:09:33.624582+00:00,kafka-0,10m,586Mi
2026-09-30T04:09:33.624582+00:00,sftp-0,2m,1Mi
2026-09-30T04:09:33.624582+00:00,trishul-ram-manager-0,5m,139Mi
2026-09-30T04:09:33.624582+00:00,trishul-ram-worker-0,17m,74Mi
2026-09-30T04:09:33.624582+00:00,trishul-ram-worker-1,4m,71Mi
2026-09-30T04:09:33.624582+00:00,trishul-ram-worker-2,4m,46Mi
2026-09-30T04:09:38.718181+00:00,kafka-0,10m,586Mi
2026-09-30T04:09:38.718181+00:00,sftp-0,2m,1Mi
2026-09-30T04:09:38.718181+00:00,trishul-ram-manager-0,5m,139Mi
2026-09-30T04:09:38.718181+00:00,trishul-ram-worker-0,17m,74Mi
2026-09-30T04:09:38.718181+00:00,trishul-ram-worker-1,4m,71Mi
2026-09-30T04:09:38.718181+00:00,trishul-ram-worker-2,4m,46Mi
2026-09-30T04:09:43.816098+00:00,kafka-0,10m,586Mi
2026-09-30T04:09:43.816098+00:00,sftp-0,2m,1Mi
2026-09-30T04:09:43.816098+00:00,trishul-ram-manager-0,5m,139Mi
2026-09-30T04:09:43.816098+00:00,trishul-ram-worker-0,17m,74Mi
2026-09-30T04:09:43.816098+00:00,trishul-ram-worker-1,4m,71Mi
2026-09-30T04:09:43.816098+00:00,trishul-ram-worker-2,4m,46Mi
2026-09-30T04:09:48.925115+00:00,kafka-0,10m,586Mi
2026-09-30T04:09:48.925115+00:00,sftp-0,2m,1Mi
2026-09-30T04:09:48.925115+00:00,trishul-ram-manager-0,10m,139Mi
2026-09-30T04:09:48.925115+00:00,trishul-ram-worker-0,18m,74Mi
2026-09-30T04:09:48.925115+00:00,trishul-ram-worker-1,4m,71Mi
2026-09-30T04:09:48.925115+00:00,trishul-ram-worker-2,4m,46Mi
2026-09-30T04:09:54.042087+00:00,kafka-0,10m,586Mi
2026-09-30T04:09:54.042087+00:00,sftp-0,2m,1Mi
2026-09-30T04:09:54.042087+00:00,trishul-ram-manager-0,10m,139Mi
2026-09-30T04:09:54.042087+00:00,trishul-ram-worker-0,18m,74Mi
2026-09-30T04:09:54.042087+00:00,trishul-ram-worker-1,4m,71Mi
2026-09-30T04:09:54.042087+00:00,trishul-ram-worker-2,4m,46Mi
2026-09-30T04:09:59.153888+00:00,kafka-0,10m,586Mi
2026-09-30T04:09:59.153888+00:00,sftp-0,2m,1Mi
2026-09-30T04:09:59.153888+00:00,trishul-ram-manager-0,10m,139Mi
2026-09-30T04:09:59.153888+00:00,trishul-ram-worker-0,18m,74Mi
2026-09-30T04:09:59.153888+00:00,trishul-ram-worker-1,4m,71Mi
2026-09-30T04:09:59.153888+00:00,trishul-ram-worker-2,4m,46Mi
2026-09-30T04:10:04.261962+00:00,kafka-0,10m,586Mi
2026-09-30T04:10:04.261962+00:00,sftp-0,2m,1Mi
2026-09-30T04:10:04.261962+00:00,trishul-ram-manager-0,6m,139Mi
2026-09-30T04:10:04.261962+00:00,trishul-ram-worker-0,19m,74Mi
2026-09-30T04:10:04.261962+00:00,trishul-ram-worker-1,4m,71Mi
2026-09-30T04:10:04.261962+00:00,trishul-ram-worker-2,4m,46Mi
2026-09-30T04:10:09.361795+00:00,kafka-0,10m,586Mi
2026-09-30T04:10:09.361795+00:00,sftp-0,2m,1Mi
2026-09-30T04:10:09.361795+00:00,trishul-ram-manager-0,6m,139Mi
2026-09-30T04:10:09.361795+00:00,trishul-ram-worker-0,19m,74Mi
2026-09-30T04:10:09.361795+00:00,trishul-ram-worker-1,4m,71Mi
2026-09-30T04:10:09.361795+00:00,trishul-ram-worker-2,4m,46Mi
2026-09-30T04:10:14.465028+00:00,kafka-0,10m,586Mi
2026-09-30T04:10:14.465028+00:00,sftp-0,2m,1Mi
2026-09-30T04:10:14.465028+00:00,trishul-ram-manager-0,6m,139Mi
2026-09-30T04:10:14.465028+00:00,trishul-ram-worker-0,19m,74Mi
2026-09-30T04:10:14.465028+00:00,trishul-ram-worker-1,4m,71Mi
2026-09-30T04:10:14.465028+00:00,trishul-ram-worker-2,4m,46Mi
2026-09-30T04:10:19.569736+00:00,kafka-0,10m,586Mi
2026-09-30T04:10:19.569736+00:00,sftp-0,2m,1Mi
2026-09-30T04:10:19.569736+00:00,trishul-ram-manager-0,10m,139Mi
2026-09-30T04:10:19.569736+00:00,trishul-ram-worker-0,19m,74Mi
2026-09-30T04:10:19.569736+00:00,trishul-ram-worker-1,4m,71Mi
2026-09-30T04:10:19.569736+00:00,trishul-ram-worker-2,4m,46Mi
2026-09-30T04:10:24.669245+00:00,kafka-0,10m,586Mi
2026-09-30T04:10:24.669245+00:00,sftp-0,2m,1Mi
2026-09-30T04:10:24.669245+00:00,trishul-ram-manager-0,10m,139Mi
2026-09-30T04:10:24.669245+00:00,trishul-ram-worker-0,19m,74Mi
2026-09-30T04:10:24.669245+00:00,trishul-ram-worker-1,4m,71Mi
2026-09-30T04:10:24.669245+00:00,trishul-ram-worker-2,4m,46Mi
2026-09-30T04:10:29.774689+00:00,kafka-0,10m,586Mi
2026-09-30T04:10:29.774689+00:00,sftp-0,2m,1Mi
2026-09-30T04:10:29.774689+00:00,trishul-ram-manager-0,10m,139Mi
2026-09-30T04:10:29.774689+00:00,trishul-ram-worker-0,19m,74Mi
2026-09-30T04:10:29.774689+00:00,trishul-ram-worker-1,4m,71Mi
2026-09-30T04:10:29.774689+00:00,trishul-ram-worker-2,4m,46Mi
2026-09-30T04:10:34.911953+00:00,kafka-0,10m,586Mi
2026-09-30T04:10:34.911953+00:00,sftp-0,2m,1Mi
2026-09-30T04:10:34.911953+00:00,trishul-ram-manager-0,8m,139Mi
2026-09-30T04:10:34.911953+00:00,trishul-ram-worker-0,19m,74Mi
2026-09-30T04:10:34.911953+00:00,trishul-ram-worker-1,4m,71Mi
2026-09-30T04:10:34.911953+00:00,trishul-ram-worker-2,4m,46Mi
2026-09-30T04:10:40.052993+00:00,kafka-0,10m,586Mi
2026-09-30T04:10:40.052993+00:00,sftp-0,2m,1Mi
2026-09-30T04:10:40.052993+00:00,trishul-ram-manager-0,8m,139Mi
2026-09-30T04:10:40.052993+00:00,trishul-ram-worker-0,19m,74Mi
2026-09-30T04:10:40.052993+00:00,trishul-ram-worker-1,4m,71Mi
2026-09-30T04:10:40.052993+00:00,trishul-ram-worker-2,4m,46Mi
2026-09-30T04:10:45.157894+00:00,kafka-0,10m,586Mi
2026-09-30T04:10:45.157894+00:00,sftp-0,2m,1Mi
2026-09-30T04:10:45.157894+00:00,trishul-ram-manager-0,8m,139Mi
2026-09-30T04:10:45.157894+00:00,trishul-ram-worker-0,19m,74Mi
2026-09-30T04:10:45.157894+00:00,trishul-ram-worker-1,4m,71Mi
2026-09-30T04:10:45.157894+00:00,trishul-ram-worker-2,4m,46Mi
2026-09-30T04:10:50.251118+00:00,kafka-0,10m,586Mi
2026-09-30T04:10:50.251118+00:00,sftp-0,2m,1Mi
2026-09-30T04:10:50.251118+00:00,trishul-ram-manager-0,10m,139Mi
2026-09-30T04:10:50.251118+00:00,trishul-ram-worker-0,19m,74Mi
2026-09-30T04:10:50.251118+00:00,trishul-ram-worker-1,4m,71Mi
2026-09-30T04:10:50.251118+00:00,trishul-ram-worker-2,4m,46Mi
2026-09-30T04:10:55.359074+00:00,kafka-0,10m,586Mi
2026-09-30T04:10:55.359074+00:00,sftp-0,2m,1Mi
2026-09-30T04:10:55.359074+00:00,trishul-ram-manager-0,10m,139Mi
2026-09-30T04:10:55.359074+00:00,trishul-ram-worker-0,19m,74Mi
2026-09-30T04:10:55.359074+00:00,trishul-ram-worker-1,4m,71Mi
2026-09-30T04:10:55.359074+00:00,trishul-ram-worker-2,4m,46Mi
2026-09-30T04:11:00.456222+00:00,kafka-0,10m,586Mi
2026-09-30T04:11:00.456222+00:00,sftp-0,2m,1Mi
2026-09-30T04:11:00.456222+00:00,trishul-ram-manager-0,10m,139Mi
2026-09-30T04:11:00.456222+00:00,trishul-ram-worker-0,19m,74Mi
2026-09-30T04:11:00.456222+00:00,trishul-ram-worker-1,4m,71Mi
2026-09-30T04:11:00.456222+00:00,trishul-ram-worker-2,4m,46Mi
2026-09-30T04:11:05.574167+00:00,kafka-0,10m,586Mi
2026-09-30T04:11:05.574167+00:00,sftp-0,2m,1Mi
2026-09-30T04:11:05.574167+00:00,trishul-ram-manager-0,7m,139Mi
2026-09-30T04:11:05.574167+00:00,trishul-ram-worker-0,19m,74Mi
2026-09-30T04:11:05.574167+00:00,trishul-ram-worker-1,4m,71Mi
2026-09-30T04:11:05.574167+00:00,trishul-ram-worker-2,4m,46Mi
2026-09-30T04:11:10.660660+00:00,kafka-0,10m,586Mi
2026-09-30T04:11:10.660660+00:00,sftp-0,2m,1Mi
2026-09-30T04:11:10.660660+00:00,trishul-ram-manager-0,7m,139Mi
2026-09-30T04:11:10.660660+00:00,trishul-ram-worker-0,19m,74Mi
2026-09-30T04:11:10.660660+00:00,trishul-ram-worker-1,4m,71Mi
2026-09-30T04:11:10.660660+00:00,trishul-ram-worker-2,4m,46Mi
2026-09-30T04:11:15.743707+00:00,kafka-0,10m,586Mi
2026-09-30T04:11:15.743707+00:00,sftp-0,2m,1Mi
2026-09-30T04:11:15.743707+00:00,trishul-ram-manager-0,7m,139Mi
2026-09-30T04:11:15.743707+00:00,trishul-ram-worker-0,19m,74Mi
2026-09-30T04:11:15.743707+00:00,trishul-ram-worker-1,4m,71Mi
2026-09-30T04:11:15.743707+00:00,trishul-ram-worker-2,4m,46Mi
2026-09-30T04:11:20.838743+00:00,kafka-0,9m,586Mi
2026-09-30T04:11:20.838743+00:00,sftp-0,2m,1Mi
2026-09-30T04:11:20.838743+00:00,trishul-ram-manager-0,7m,139Mi
2026-09-30T04:11:20.838743+00:00,trishul-ram-worker-0,19m,74Mi
2026-09-30T04:11:20.838743+00:00,trishul-ram-worker-1,4m,71Mi
2026-09-30T04:11:20.838743+00:00,trishul-ram-worker-2,4m,46Mi
2026-09-30T04:11:25.937177+00:00,kafka-0,9m,586Mi
2026-09-30T04:11:25.937177+00:00,sftp-0,2m,1Mi
2026-09-30T04:11:25.937177+00:00,trishul-ram-manager-0,7m,139Mi
2026-09-30T04:11:25.937177+00:00,trishul-ram-worker-0,19m,74Mi
2026-09-30T04:11:25.937177+00:00,trishul-ram-worker-1,4m,71Mi
2026-09-30T04:11:25.937177+00:00,trishul-ram-worker-2,4m,46Mi
2026-09-30T04:11:31.032392+00:00,kafka-0,9m,586Mi
2026-09-30T04:11:31.032392+00:00,sftp-0,2m,1Mi
2026-09-30T04:11:31.032392+00:00,trishul-ram-manager-0,7m,139Mi
2026-09-30T04:11:31.032392+00:00,trishul-ram-worker-0,19m,74Mi
2026-09-30T04:11:31.032392+00:00,trishul-ram-worker-1,4m,71Mi
2026-09-30T04:11:31.032392+00:00,trishul-ram-worker-2,4m,46Mi
2026-09-30T04:11:36.140826+00:00,kafka-0,12m,586Mi
2026-09-30T04:11:36.140826+00:00,sftp-0,2m,1Mi
2026-09-30T04:11:36.140826+00:00,trishul-ram-manager-0,9m,139Mi
2026-09-30T04:11:36.140826+00:00,trishul-ram-worker-0,21m,74Mi
2026-09-30T04:11:36.140826+00:00,trishul-ram-worker-1,4m,71Mi
2026-09-30T04:11:36.140826+00:00,trishul-ram-worker-2,4m,46Mi
2026-09-30T04:11:41.251273+00:00,kafka-0,12m,586Mi
2026-09-30T04:11:41.251273+00:00,sftp-0,2m,1Mi
2026-09-30T04:11:41.251273+00:00,trishul-ram-manager-0,9m,139Mi
2026-09-30T04:11:41.251273+00:00,trishul-ram-worker-0,21m,74Mi
2026-09-30T04:11:41.251273+00:00,trishul-ram-worker-1,4m,71Mi
2026-09-30T04:11:41.251273+00:00,trishul-ram-worker-2,4m,46Mi
2026-09-30T04:11:46.343333+00:00,kafka-0,10m,586Mi
2026-09-30T04:11:46.343333+00:00,sftp-0,2m,1Mi
2026-09-30T04:11:46.343333+00:00,trishul-ram-manager-0,8m,140Mi
2026-09-30T04:11:46.343333+00:00,trishul-ram-worker-0,21m,74Mi
2026-09-30T04:11:46.343333+00:00,trishul-ram-worker-1,4m,71Mi
2026-09-30T04:11:46.343333+00:00,trishul-ram-worker-2,4m,46Mi
2026-09-30T04:11:51.432829+00:00,kafka-0,10m,586Mi
2026-09-30T04:11:51.432829+00:00,sftp-0,2m,1Mi
2026-09-30T04:11:51.432829+00:00,trishul-ram-manager-0,8m,140Mi
2026-09-30T04:11:51.432829+00:00,trishul-ram-worker-0,21m,74Mi
2026-09-30T04:11:51.432829+00:00,trishul-ram-worker-1,4m,71Mi
2026-09-30T04:11:51.432829+00:00,trishul-ram-worker-2,4m,46Mi
2026-09-30T04:11:56.520507+00:00,kafka-0,10m,586Mi
2026-09-30T04:11:56.520507+00:00,sftp-0,2m,1Mi
2026-09-30T04:11:56.520507+00:00,trishul-ram-manager-0,8m,140Mi
2026-09-30T04:11:56.520507+00:00,trishul-ram-worker-0,21m,74Mi
2026-09-30T04:11:56.520507+00:00,trishul-ram-worker-1,4m,71Mi
2026-09-30T04:11:56.520507+00:00,trishul-ram-worker-2,4m,46Mi
2026-09-30T04:12:01.630768+00:00,kafka-0,9m,586Mi
2026-09-30T04:12:01.630768+00:00,sftp-0,2m,1Mi
2026-09-30T04:12:01.630768+00:00,trishul-ram-manager-0,8m,140Mi
2026-09-30T04:12:01.630768+00:00,trishul-ram-worker-0,21m,74Mi
2026-09-30T04:12:01.630768+00:00,trishul-ram-worker-1,4m,71Mi
2026-09-30T04:12:01.630768+00:00,trishul-ram-worker-2,4m,46Mi
2026-09-30T04:12:06.734582+00:00,kafka-0,9m,586Mi
2026-09-30T04:12:06.734582+00:00,sftp-0,2m,1Mi
2026-09-30T04:12:06.734582+00:00,trishul-ram-manager-0,8m,140Mi
2026-09-30T04:12:06.734582+00:00,trishul-ram-worker-0,21m,74Mi
2026-09-30T04:12:06.734582+00:00,trishul-ram-worker-1,4m,71Mi
2026-09-30T04:12:06.734582+00:00,trishul-ram-worker-2,4m,46Mi
2026-09-30T04:12:11.826831+00:00,kafka-0,9m,586Mi
2026-09-30T04:12:11.826831+00:00,sftp-0,2m,1Mi
2026-09-30T04:12:11.826831+00:00,trishul-ram-manager-0,8m,140Mi
2026-09-30T04:12:11.826831+00:00,trishul-ram-worker-0,21m,74Mi
2026-09-30T04:12:11.826831+00:00,trishul-ram-worker-1,4m,71Mi
2026-09-30T04:12:11.826831+00:00,trishul-ram-worker-2,4m,46Mi
2026-09-30T04:12:16.911126+00:00,kafka-0,9m,586Mi
2026-09-30T04:12:16.911126+00:00,sftp-0,2m,1Mi
2026-09-30T04:12:16.911126+00:00,trishul-ram-manager-0,8m,139Mi
2026-09-30T04:12:16.911126+00:00,trishul-ram-worker-0,22m,74Mi
2026-09-30T04:12:16.911126+00:00,trishul-ram-worker-1,4m,71Mi
2026-09-30T04:12:16.911126+00:00,trishul-ram-worker-2,4m,46Mi
2026-09-30T04:12:22.021703+00:00,kafka-0,9m,586Mi
2026-09-30T04:12:22.021703+00:00,sftp-0,2m,1Mi
2026-09-30T04:12:22.021703+00:00,trishul-ram-manager-0,8m,139Mi
2026-09-30T04:12:22.021703+00:00,trishul-ram-worker-0,22m,74Mi
2026-09-30T04:12:22.021703+00:00,trishul-ram-worker-1,4m,71Mi
2026-09-30T04:12:22.021703+00:00,trishul-ram-worker-2,4m,46Mi
2026-09-30T04:12:27.125198+00:00,kafka-0,9m,586Mi
2026-09-30T04:12:27.125198+00:00,sftp-0,2m,1Mi
2026-09-30T04:12:27.125198+00:00,trishul-ram-manager-0,8m,139Mi
2026-09-30T04:12:27.125198+00:00,trishul-ram-worker-0,22m,74Mi
2026-09-30T04:12:27.125198+00:00,trishul-ram-worker-1,4m,71Mi
2026-09-30T04:12:27.125198+00:00,trishul-ram-worker-2,4m,46Mi
2026-09-30T04:12:32.214845+00:00,kafka-0,9m,586Mi
2026-09-30T04:12:32.214845+00:00,sftp-0,2m,1Mi
2026-09-30T04:12:32.214845+00:00,trishul-ram-manager-0,6m,139Mi
2026-09-30T04:12:32.214845+00:00,trishul-ram-worker-0,22m,74Mi
2026-09-30T04:12:32.214845+00:00,trishul-ram-worker-1,4m,71Mi
2026-09-30T04:12:32.214845+00:00,trishul-ram-worker-2,4m,46Mi
2026-09-30T04:12:37.314362+00:00,kafka-0,9m,586Mi
2026-09-30T04:12:37.314362+00:00,sftp-0,2m,1Mi
2026-09-30T04:12:37.314362+00:00,trishul-ram-manager-0,6m,139Mi
2026-09-30T04:12:37.314362+00:00,trishul-ram-worker-0,22m,74Mi
2026-09-30T04:12:37.314362+00:00,trishul-ram-worker-1,4m,71Mi
2026-09-30T04:12:37.314362+00:00,trishul-ram-worker-2,4m,46Mi
2026-09-30T04:12:42.438065+00:00,kafka-0,9m,586Mi
2026-09-30T04:12:42.438065+00:00,sftp-0,2m,1Mi
2026-09-30T04:12:42.438065+00:00,trishul-ram-manager-0,6m,139Mi
2026-09-30T04:12:42.438065+00:00,trishul-ram-worker-0,22m,74Mi
2026-09-30T04:12:42.438065+00:00,trishul-ram-worker-1,4m,71Mi
2026-09-30T04:12:42.438065+00:00,trishul-ram-worker-2,4m,46Mi
2026-09-30T04:12:47.567541+00:00,kafka-0,9m,586Mi
2026-09-30T04:12:47.567541+00:00,sftp-0,2m,1Mi
2026-09-30T04:12:47.567541+00:00,trishul-ram-manager-0,8m,139Mi
2026-09-30T04:12:47.567541+00:00,trishul-ram-worker-0,22m,74Mi
2026-09-30T04:12:47.567541+00:00,trishul-ram-worker-1,4m,71Mi
2026-09-30T04:12:47.567541+00:00,trishul-ram-worker-2,4m,46Mi
2026-09-30T04:12:52.663045+00:00,kafka-0,9m,586Mi
2026-09-30T04:12:52.663045+00:00,sftp-0,2m,1Mi
2026-09-30T04:12:52.663045+00:00,trishul-ram-manager-0,8m,139Mi
2026-09-30T04:12:52.663045+00:00,trishul-ram-worker-0,22m,74Mi
2026-09-30T04:12:52.663045+00:00,trishul-ram-worker-1,4m,71Mi
2026-09-30T04:12:52.663045+00:00,trishul-ram-worker-2,4m,46Mi
2026-09-30T04:12:57.755331+00:00,kafka-0,9m,586Mi
2026-09-30T04:12:57.755331+00:00,sftp-0,2m,1Mi
2026-09-30T04:12:57.755331+00:00,trishul-ram-manager-0,8m,139Mi
2026-09-30T04:12:57.755331+00:00,trishul-ram-worker-0,22m,74Mi
2026-09-30T04:12:57.755331+00:00,trishul-ram-worker-1,4m,71Mi
2026-09-30T04:12:57.755331+00:00,trishul-ram-worker-2,4m,46Mi
2026-09-30T04:13:02.842999+00:00,kafka-0,10m,586Mi
2026-09-30T04:13:02.842999+00:00,sftp-0,2m,1Mi
2026-09-30T04:13:02.842999+00:00,trishul-ram-manager-0,8m,140Mi
2026-09-30T04:13:02.842999+00:00,trishul-ram-worker-0,23m,74Mi
2026-09-30T04:13:02.842999+00:00,trishul-ram-worker-1,4m,71Mi
2026-09-30T04:13:02.842999+00:00,trishul-ram-worker-2,4m,46Mi
2026-09-30T04:13:07.932894+00:00,kafka-0,10m,586Mi
2026-09-30T04:13:07.932894+00:00,sftp-0,2m,1Mi
2026-09-30T04:13:07.932894+00:00,trishul-ram-manager-0,8m,140Mi
2026-09-30T04:13:07.932894+00:00,trishul-ram-worker-0,23m,74Mi
2026-09-30T04:13:07.932894+00:00,trishul-ram-worker-1,4m,71Mi
2026-09-30T04:13:07.932894+00:00,trishul-ram-worker-2,4m,46Mi
2026-09-30T04:13:13.027253+00:00,kafka-0,10m,586Mi
2026-09-30T04:13:13.027253+00:00,sftp-0,2m,1Mi
2026-09-30T04:13:13.027253+00:00,trishul-ram-manager-0,8m,140Mi
2026-09-30T04:13:13.027253+00:00,trishul-ram-worker-0,23m,74Mi
2026-09-30T04:13:13.027253+00:00,trishul-ram-worker-1,4m,71Mi
2026-09-30T04:13:13.027253+00:00,trishul-ram-worker-2,4m,46Mi
2026-09-30T04:13:18.116732+00:00,kafka-0,9m,586Mi
2026-09-30T04:13:18.116732+00:00,sftp-0,2m,1Mi
2026-09-30T04:13:18.116732+00:00,trishul-ram-manager-0,9m,140Mi
2026-09-30T04:13:18.116732+00:00,trishul-ram-worker-0,25m,74Mi
2026-09-30T04:13:18.116732+00:00,trishul-ram-worker-1,4m,71Mi
2026-09-30T04:13:18.116732+00:00,trishul-ram-worker-2,4m,46Mi
2026-09-30T04:13:23.205618+00:00,kafka-0,9m,586Mi
2026-09-30T04:13:23.205618+00:00,sftp-0,2m,1Mi
2026-09-30T04:13:23.205618+00:00,trishul-ram-manager-0,9m,140Mi
2026-09-30T04:13:23.205618+00:00,trishul-ram-worker-0,25m,74Mi
2026-09-30T04:13:23.205618+00:00,trishul-ram-worker-1,4m,71Mi
2026-09-30T04:13:23.205618+00:00,trishul-ram-worker-2,4m,46Mi
2026-09-30T04:13:28.294084+00:00,kafka-0,9m,586Mi
2026-09-30T04:13:28.294084+00:00,sftp-0,2m,1Mi
2026-09-30T04:13:28.294084+00:00,trishul-ram-manager-0,9m,140Mi
2026-09-30T04:13:28.294084+00:00,trishul-ram-worker-0,25m,74Mi
2026-09-30T04:13:28.294084+00:00,trishul-ram-worker-1,4m,71Mi
2026-09-30T04:13:28.294084+00:00,trishul-ram-worker-2,4m,46Mi
2026-09-30T04:13:33.384202+00:00,kafka-0,9m,586Mi
2026-09-30T04:13:33.384202+00:00,sftp-0,2m,1Mi
2026-09-30T04:13:33.384202+00:00,trishul-ram-manager-0,7m,140Mi
2026-09-30T04:13:33.384202+00:00,trishul-ram-worker-0,25m,74Mi
2026-09-30T04:13:33.384202+00:00,trishul-ram-worker-1,4m,71Mi
2026-09-30T04:13:33.384202+00:00,trishul-ram-worker-2,4m,46Mi
2026-09-30T04:13:38.478414+00:00,kafka-0,9m,586Mi
2026-09-30T04:13:38.478414+00:00,sftp-0,2m,1Mi
2026-09-30T04:13:38.478414+00:00,trishul-ram-manager-0,7m,140Mi
2026-09-30T04:13:38.478414+00:00,trishul-ram-worker-0,25m,74Mi
2026-09-30T04:13:38.478414+00:00,trishul-ram-worker-1,4m,71Mi
2026-09-30T04:13:38.478414+00:00,trishul-ram-worker-2,4m,46Mi
2026-09-30T04:13:43.565255+00:00,kafka-0,9m,586Mi
2026-09-30T04:13:43.565255+00:00,sftp-0,2m,1Mi
2026-09-30T04:13:43.565255+00:00,trishul-ram-manager-0,7m,140Mi
2026-09-30T04:13:43.565255+00:00,trishul-ram-worker-0,25m,74Mi
2026-09-30T04:13:43.565255+00:00,trishul-ram-worker-1,4m,71Mi
2026-09-30T04:13:43.565255+00:00,trishul-ram-worker-2,4m,46Mi
2026-09-30T04:13:48.656836+00:00,kafka-0,10m,588Mi
2026-09-30T04:13:48.656836+00:00,sftp-0,2m,1Mi
2026-09-30T04:13:48.656836+00:00,trishul-ram-manager-0,7m,140Mi
2026-09-30T04:13:48.656836+00:00,trishul-ram-worker-0,26m,75Mi
2026-09-30T04:13:48.656836+00:00,trishul-ram-worker-1,4m,71Mi
2026-09-30T04:13:48.656836+00:00,trishul-ram-worker-2,4m,46Mi
2026-09-30T04:13:53.746287+00:00,kafka-0,10m,588Mi
2026-09-30T04:13:53.746287+00:00,sftp-0,2m,1Mi
2026-09-30T04:13:53.746287+00:00,trishul-ram-manager-0,7m,140Mi
2026-09-30T04:13:53.746287+00:00,trishul-ram-worker-0,26m,75Mi
2026-09-30T04:13:53.746287+00:00,trishul-ram-worker-1,4m,71Mi
2026-09-30T04:13:53.746287+00:00,trishul-ram-worker-2,4m,46Mi
2026-09-30T04:13:58.843202+00:00,kafka-0,10m,588Mi
2026-09-30T04:13:58.843202+00:00,sftp-0,2m,1Mi
2026-09-30T04:13:58.843202+00:00,trishul-ram-manager-0,7m,140Mi
2026-09-30T04:13:58.843202+00:00,trishul-ram-worker-0,26m,75Mi
2026-09-30T04:13:58.843202+00:00,trishul-ram-worker-1,4m,71Mi
2026-09-30T04:13:58.843202+00:00,trishul-ram-worker-2,4m,46Mi
2026-09-30T04:14:03.952644+00:00,kafka-0,9m,586Mi
2026-09-30T04:14:03.952644+00:00,sftp-0,2m,1Mi
2026-09-30T04:14:03.952644+00:00,trishul-ram-manager-0,8m,140Mi
2026-09-30T04:14:03.952644+00:00,trishul-ram-worker-0,36m,78Mi
2026-09-30T04:14:03.952644+00:00,trishul-ram-worker-1,4m,71Mi
2026-09-30T04:14:03.952644+00:00,trishul-ram-worker-2,4m,46Mi
2026-09-30T04:14:09.040234+00:00,kafka-0,9m,586Mi
2026-09-30T04:14:09.040234+00:00,sftp-0,2m,1Mi
2026-09-30T04:14:09.040234+00:00,trishul-ram-manager-0,8m,140Mi
2026-09-30T04:14:09.040234+00:00,trishul-ram-worker-0,36m,78Mi
2026-09-30T04:14:09.040234+00:00,trishul-ram-worker-1,4m,71Mi
2026-09-30T04:14:09.040234+00:00,trishul-ram-worker-2,4m,46Mi
2026-09-30T04:14:14.127269+00:00,kafka-0,9m,586Mi
2026-09-30T04:14:14.127269+00:00,sftp-0,2m,1Mi
2026-09-30T04:14:14.127269+00:00,trishul-ram-manager-0,8m,140Mi
2026-09-30T04:14:14.127269+00:00,trishul-ram-worker-0,36m,78Mi
2026-09-30T04:14:14.127269+00:00,trishul-ram-worker-1,4m,71Mi
2026-09-30T04:14:14.127269+00:00,trishul-ram-worker-2,4m,46Mi
2026-09-30T04:14:19.218759+00:00,kafka-0,12m,586Mi
2026-09-30T04:14:19.218759+00:00,sftp-0,2m,1Mi
2026-09-30T04:14:19.218759+00:00,trishul-ram-manager-0,11m,140Mi
2026-09-30T04:14:19.218759+00:00,trishul-ram-worker-0,37m,74Mi
2026-09-30T04:14:19.218759+00:00,trishul-ram-worker-1,4m,71Mi
2026-09-30T04:14:19.218759+00:00,trishul-ram-worker-2,4m,46Mi
2026-09-30T04:14:24.302909+00:00,kafka-0,12m,586Mi
2026-09-30T04:14:24.302909+00:00,sftp-0,2m,1Mi
2026-09-30T04:14:24.302909+00:00,trishul-ram-manager-0,11m,140Mi
2026-09-30T04:14:24.302909+00:00,trishul-ram-worker-0,37m,74Mi
2026-09-30T04:14:24.302909+00:00,trishul-ram-worker-1,4m,71Mi
2026-09-30T04:14:24.302909+00:00,trishul-ram-worker-2,4m,46Mi
2026-09-30T04:14:29.392370+00:00,kafka-0,12m,586Mi
2026-09-30T04:14:29.392370+00:00,sftp-0,2m,1Mi
2026-09-30T04:14:29.392370+00:00,trishul-ram-manager-0,11m,140Mi
2026-09-30T04:14:29.392370+00:00,trishul-ram-worker-0,37m,74Mi
2026-09-30T04:14:29.392370+00:00,trishul-ram-worker-1,4m,71Mi
2026-09-30T04:14:29.392370+00:00,trishul-ram-worker-2,4m,46Mi
2026-09-30T04:14:34.473519+00:00,kafka-0,27m,601Mi
2026-09-30T04:14:34.473519+00:00,sftp-0,2m,1Mi
2026-09-30T04:14:34.473519+00:00,trishul-ram-manager-0,7m,140Mi
2026-09-30T04:14:34.473519+00:00,trishul-ram-worker-0,33m,74Mi
2026-09-30T04:14:34.473519+00:00,trishul-ram-worker-1,4m,71Mi
2026-09-30T04:14:34.473519+00:00,trishul-ram-worker-2,4m,46Mi
2026-09-30T04:14:39.560662+00:00,kafka-0,27m,601Mi
2026-09-30T04:14:39.560662+00:00,sftp-0,2m,1Mi
2026-09-30T04:14:39.560662+00:00,trishul-ram-manager-0,7m,140Mi
2026-09-30T04:14:39.560662+00:00,trishul-ram-worker-0,33m,74Mi
2026-09-30T04:14:39.560662+00:00,trishul-ram-worker-1,4m,71Mi
2026-09-30T04:14:39.560662+00:00,trishul-ram-worker-2,4m,46Mi
2026-09-30T04:14:44.645931+00:00,kafka-0,27m,601Mi
2026-09-30T04:14:44.645931+00:00,sftp-0,2m,1Mi
2026-09-30T04:14:44.645931+00:00,trishul-ram-manager-0,7m,140Mi
2026-09-30T04:14:44.645931+00:00,trishul-ram-worker-0,33m,74Mi
2026-09-30T04:14:44.645931+00:00,trishul-ram-worker-1,4m,71Mi
2026-09-30T04:14:44.645931+00:00,trishul-ram-worker-2,4m,46Mi
2026-09-30T04:14:49.733328+00:00,kafka-0,9m,586Mi
2026-09-30T04:14:49.733328+00:00,sftp-0,2m,1Mi
2026-09-30T04:14:49.733328+00:00,trishul-ram-manager-0,7m,140Mi
2026-09-30T04:14:49.733328+00:00,trishul-ram-worker-0,39m,74Mi
2026-09-30T04:14:49.733328+00:00,trishul-ram-worker-1,4m,71Mi
2026-09-30T04:14:49.733328+00:00,trishul-ram-worker-2,4m,46Mi
2026-09-30T04:14:54.840683+00:00,kafka-0,9m,586Mi
2026-09-30T04:14:54.840683+00:00,sftp-0,2m,1Mi
2026-09-30T04:14:54.840683+00:00,trishul-ram-manager-0,7m,140Mi
2026-09-30T04:14:54.840683+00:00,trishul-ram-worker-0,39m,74Mi
2026-09-30T04:14:54.840683+00:00,trishul-ram-worker-1,4m,71Mi
2026-09-30T04:14:54.840683+00:00,trishul-ram-worker-2,4m,46Mi
2026-09-30T04:14:59.927178+00:00,kafka-0,9m,586Mi
2026-09-30T04:14:59.927178+00:00,sftp-0,2m,1Mi
2026-09-30T04:14:59.927178+00:00,trishul-ram-manager-0,7m,140Mi
2026-09-30T04:14:59.927178+00:00,trishul-ram-worker-0,39m,74Mi
2026-09-30T04:14:59.927178+00:00,trishul-ram-worker-1,4m,71Mi
2026-09-30T04:14:59.927178+00:00,trishul-ram-worker-2,4m,46Mi
2026-09-30T04:15:05.040116+00:00,kafka-0,11m,590Mi
2026-09-30T04:15:05.040116+00:00,sftp-0,2m,1Mi
2026-09-30T04:15:05.040116+00:00,trishul-ram-manager-0,7m,140Mi
2026-09-30T04:15:05.040116+00:00,trishul-ram-worker-0,48m,74Mi
2026-09-30T04:15:05.040116+00:00,trishul-ram-worker-1,4m,71Mi
2026-09-30T04:15:05.040116+00:00,trishul-ram-worker-2,4m,46Mi
2026-09-30T04:15:10.132050+00:00,kafka-0,11m,590Mi
2026-09-30T04:15:10.132050+00:00,sftp-0,2m,1Mi
2026-09-30T04:15:10.132050+00:00,trishul-ram-manager-0,7m,140Mi
2026-09-30T04:15:10.132050+00:00,trishul-ram-worker-0,48m,74Mi
2026-09-30T04:15:10.132050+00:00,trishul-ram-worker-1,4m,71Mi
2026-09-30T04:15:10.132050+00:00,trishul-ram-worker-2,4m,46Mi
2026-09-30T04:15:15.216706+00:00,kafka-0,11m,590Mi
2026-09-30T04:15:15.216706+00:00,sftp-0,2m,1Mi
2026-09-30T04:15:15.216706+00:00,trishul-ram-manager-0,7m,140Mi
2026-09-30T04:15:15.216706+00:00,trishul-ram-worker-0,48m,74Mi
2026-09-30T04:15:15.216706+00:00,trishul-ram-worker-1,4m,71Mi
2026-09-30T04:15:15.216706+00:00,trishul-ram-worker-2,4m,46Mi
2026-09-30T04:15:20.309334+00:00,kafka-0,11m,586Mi
2026-09-30T04:15:20.309334+00:00,sftp-0,2m,1Mi
2026-09-30T04:15:20.309334+00:00,trishul-ram-manager-0,8m,140Mi
2026-09-30T04:15:20.309334+00:00,trishul-ram-worker-0,86m,74Mi
2026-09-30T04:15:20.309334+00:00,trishul-ram-worker-1,4m,71Mi
2026-09-30T04:15:20.309334+00:00,trishul-ram-worker-2,4m,46Mi
2026-09-30T04:15:25.396054+00:00,kafka-0,11m,586Mi
2026-09-30T04:15:25.396054+00:00,sftp-0,2m,1Mi
2026-09-30T04:15:25.396054+00:00,trishul-ram-manager-0,8m,140Mi
2026-09-30T04:15:25.396054+00:00,trishul-ram-worker-0,86m,74Mi
2026-09-30T04:15:25.396054+00:00,trishul-ram-worker-1,4m,71Mi
2026-09-30T04:15:25.396054+00:00,trishul-ram-worker-2,4m,46Mi
                                                                                                                                                                                                                                                                                                                                                                                                                                                                                                                                                                                                                                                                                                                                                                                                                                                                                                                                                                                                                                                                                                                                                                                                                                                                                                                                                                                                                                                                                                                                                                                                                                                                                                                                                                                                                                                                                                                                                                                                                                                                                                                                                                                                                                                                                                                                                                                                                                                                                                                                                                                                                                                                                                                                                                                                                                                                                                                                                                                                                                                                                                                                                                                                                                                                                                                                                                                                                                                                                                                                                                                                                                                                                                                                                                                                                                                                                                                                                                                                                                                                                                                                                                                                                                                                                                                                                                                                                                                                                                                                                                                                                                                                                                                                                                                                                                                                                                                                                                                                                                                                                                                                                                                                                                                                                                                                                                                                                                                                                                                                                                                                                                                                                                                                                                                                                                                                                                                                                                                                                                                                                                                                                                                                                                                                                                                                                                                                                                                                                                                                                                                                                                                                                                                                                                                                                                                                                                                                                                                                                                                                                                                                                                                                                                                                                                                                                                                                                                                                                                                                                                                                                                                                                                                                                                                                                                                                                                                                                                                                                                                                                                                                                                                                                                                                                                                                                                                                                                                                                                                                                                                                                                                                                                                                                                                                                                                                                                                                                                                                                                                                                                                                                                                                                                                                                                                                                                                                                                                                                                                                                                                                                                                                                                                                                                                                                                                                                                                                                                                                                                                                                                                                                                                                                                                                                                                                                                                                                                                                                                                                                                                                                                                                                                                                                                                                                                                                                                                                                                                                                                                                                                                                                                                                                                                                                                                                                                                                                                                                                                                                                                                                                                                                                                                                                                                                                                                                                                                                                                                                                                                                                                                                                                                                                                                                                                                                                                                                                                                                                                                                                                                                                                                                                                                                                                                                                                                                                                                                                                                                                                                                                                                                                                                                                                                                                                                                                                                                                                                                                                                                                                                                                                                                                                                                                                                                                                                                                                                                                                                                                                                                                                                                                                                                                                                                                                                                                                                                                                                                                                                                                                                                                                                                                                                                                                                                                                                                                                                                                                                                                                                                                                                                                                                                                                                                                                                                                                                                                                                                                                                                                                                                                                                                                                                                                                                                                                                                                                                                                                                                                                                                                                                                                                                                                                                                                                                                                                                                                                                                                                                                                                                                                                                                                                                                                                                                                                                                                                                                                                                                                                                                                                                                                                                                                                                                                                                                                                                                                                                                                                                                                                                                                                                                                                                                                                                                                                                                                                                                                                                                                                                                                                                                                                                                                                                                                                                                                                                                                                                                                                                                                                                                                                                                                                                                                                                                                                                                                                                                                                                                                                                                                                                                                                                                                                                                                                                                                                                                                                                                                                                                                                                                                                                                                                                                                                                                                                                                                                                                                                                                                                                                                                                                                                                                                                                                                                                                                                                                                                                                                                                                                                                                                                                                                                                                                                                                                                                                                                                                                                                                                                                                                                                                                                                                                                                                                                                                                                                                                                                                                                                                                                                                                                                                                                                                                                                                                                                                                                                                                                                                                                                                                                                                                                                                                                                                                                                                                                                                                                                                                                                                                                                                                                                                                                                                                                                                                                                                                                                                                                                                                                                                                                                                                                                                                                                                                                                                                                                                                                                                                                                                                                                                                                                                                                                                                                                                                                                                                                                                                                                                                                                                                                                                                                                                                                                                                                                                                                                                                                                                                                                                                                                                                                                                                                                                                                                                                                                                                                                                                                                                                                                                                                                                                                                                                                                                                                                                                                                                                                                                                                                                                                                                                                                                                                                                                                                                                                                                                                                                                                                                                                                                                                                                                                                                                                                                                                                                                                                                                                                                                                                                                                                                                                                                                                                                                                                                                                                                                                                                                                                                                                                                                                                                                                                                                                                                                                                                                                                                                                                                                                                                                                                                                                                                                                                                                                                                                                                                                                                                                                                                                                                                                                                                                                                                                                                                                                                                                                                                                                                                                                                                                                                                                                                                                                                                                                                                                                                                                                                                                                                                                                                                                                                                                                                                                                                                                                                                                                                                                                                                                                                                                                                                                                                                                                                                                                                                                                                                                                                                                                                                                                                                                                                                                                                                                                                                                                                                                                                                                                                                                                                                                                                                                                                                                                                                                                                                                                                                                                                                                                                                                                                                                                                                                                                                                                                                                                                                                                                                                                                                                                                                                                                                                                                                                                                                                                                                                                                                                                                                                                                                                                                                                                                                                                                                                                                                                                                                                                                                                                                                                                                                                                                                                                                                                                                                                                                                                                                                                                                                                                                                                                                                                                                                                                                                                                                                                                                                                                                                                                                                                                                                                                                                                                                                                                                                                                                                                                                                                                                                                                                                                                                                                                                                                                                                                                                                                                                                                                                                                                                                                                                                                                                                                                                                                                                                                                                                                                                                                                                                                                                                                                                                                                                                                                                                                                                                                                                                                                                                                                                                                                                                                                                                                                                                                                                                                                                                                                                                                                                                                                                                                                                                                                                                                                                                                                                                                                                                                                                                                                                                                                                                                                                                                                                                                                                                                                                                                                                                                                                                                                                                                                                                                                                                                                                                                                                                                                                                                                                                                                                                                                                                                                                                                                                                                                                                                                                                                                                                                                                                                                                                                                                                                                                                                                                                                                                                                                                                                                                                                                                                                                                                                                                                                                                                                                                                                                                                                                                                                                                                                                                                                                                                                                                                                                                                                                                                                                                                                                                                                                                                                                                                                                                                                                                                                                                                                                                                                                                                                                                                                                                                                                                                                                                                                                                                                                                                                                                                                                                                                                                                                                                                                                                                                                                                                                                                                                                                                                                                                                                                                                                                                                                                                                                                                                                                                                                                                                                                                                                                                                                                                                                                                                                                                                                                                                                                                                                                                                                                                                                                                                                                                                                                                                                                                                                                                                                                                                                                                                                                                                                                                                                                                                                                                                                                                                                                                                                                                                                                                                                                                                                                                                                                                                                                                                                                                                                                                                                                                                                                                                                                                                                                                                                                                                                                                                                                                                                                                                                                                                                                                                                                                                                                                                                                                                                                                                                                                                                                                                                                                                                                                                                                                                                                                                                                                                                                                                                                                                                                                                                                                                                                                                                                                                                                                                                                                                                                                                                                                                                                                                                                                                                                                                                                                                                                                                                                                                                                                                                                                                                                                                                                                                                                                                                                                                                                                                                                                                                                                                                                                                                                                                                                                                                                                                                                                                                                                                                                                                                                                                                                                                                                                                                                                                                                                                                                                                                                                                                                                                                                                                                                                                                                                                                                                                                                                                                                                                                                                                                                                                                                                                                                                                                                                                                                                                                                                                                                                                                                                                                                                                                                                                                                                                                                                                                                                                                                                                                                                                                                                                                                                                                                                                                                                                                                                                                                                                                                                                                                                                                                                                                                                                                                                                                                                                                                                                                                                                                                                                                                                                                                                                                                                                                                                                                                                                                                                                                                                                                                                                                                                                                                                                                                                                                                                                                                                                                                                                                                                                                                                                                                                                                                                                                                                                                                                                                                                                                                                                                                                                                                                                                                                                                                                                                                                                                                                                                                                                                                                                                                                                                                                                                                                                                                                                                                                                                                                                                                                                                                                                                                                                                                                                                                                                                                                                                                                                                                                                                                                                                                                                                                                                                                                                                                                                                                                                                                                                                                                                                                                                                                                                                                                                                                                                                                                                                                                                                                                                                                                                                                                                                                                                                                                                                                                                                                                                                                                                                                                                                                                                                                                                                                                                                                                                                                                                                                                                                                                                                                                                                                                                                                                                                                                                                                                                                                                                                                                                                                                                                                                                                                                                                                                                                                                                                                                                                                                                                                                                                                                                                                                                                                                                                                                                                                                                                                                                                                                                                                                                                                                                                                                                                                                                                                                                                                                                                                                                                                                                                                                                                                                                                                                                                                                                                                                                                                                                                                                                                                                                                                                                                                                                                                                                                                                                                                                                                                                                                                                                                                                                                                                                                                                                                                                                                                                                                                                                                                                                                                                                                                                                                                                                                                                                                                                                                                                                                                                                                                                                                                                                                                                                                                                                                                                                                                                                                                                                                                                                                                                                                                                                                                                                                                                                                                                                                                                                                                                                                                                                                                                                                                                                                                                                                                                                                                                                                                                                                                                                                                                                                                                                                                                                                                                                                                                                                                                                                                                                                                                                                                                                                                                                                                                                                                                                                                                                                                                                                                                                                                                                                                                                                                                                                                                                                                                                                                                                                                                                                                                                                                                                                                                                                                                                                                                                                                                                                                                                                                                                                                                                                                                                                                                                                                                                                                                                                                                                                                                                                                                                                                                                                                                                                                                                                                                                                                                                                                                                                                                                                                                                                                                                                                                                                                                                                                                                                                                                                                                                                                                                                                                                                                                                                                                                                                                                                                                                                                                                                                                                                                                                                                                                                                                                                                                                                                                                                                                                                                                                                                                                                                                                                                                                                                                                                                                                                                                                                                                                                                                                                                                                                                                                                                                                                                                                                                                                                                                                                                                                                                                                                                                                                                                                                                                                                                                                                                                                                                                                                                                                                                                                                                                                                                                                                                                                                                                                                                                                                                                                                                                                                                                                                                                                                                                                                                                                                                                                                                                                                                                                                                                                                                                                                                                                                                                                                                                                                                                                                                                                                                                                                                                                                                                                                                                                                                                                                                                                                                                                                                                                                                                                                                                                                                                                                                                                                                                                                                                                                                                                                                                                                                                                                                                                                                                                                                                                                                                                                                                                                                                                                                                                                                                                                                                                                                                                                                                                                                                                                                                                                                                                                                                                                                                                                                                                                                                                                                                                                                                                                                                                                                                                                                                                                                                                                                                                                                                                                                                                                                                                                                                                                                                                                                                                                                                                                                                                                                                                                                                                                                                                                                                                                                                                                                                                                                                                                                                                                                                                                                                                                                                                                                                                                                                                                                                                                                                                                                                                                                                                                                                                                                                                                                                                                                                                                                                                                                                                                                                                                                                                                                                                                                                                                                                                                                                                                                                                                                                                                                                                                                                                                                                                                                                                                                                                                                                                                                                                                                                                                                                                                                                                                                                                                                                                                                                                                                                                                                                                                                                                                                                                                                                                                                                                                                                                                                                                                                                                                                                                                                                                                                                                                                                                                                                                                                                                                                                                                                                                                                                                                                                                                                                                                                                                                                                                                                                                                                                                                                                                                                                                                                                                                                                                                                                                                                                                                                                                                                                                                                                                                                                                                                                                                                                                                                                                                                                                                                                                                                                                                                                                                                                                                                                                                                                                                                                                                                                                                                                                                                                                                                                                                                                                                                                                                                                                                                                                                                                                                                                                                                                                                                                                                                                                                                                                                                                                                                                                                                                                                                                                                                                                                                                                                                                                                                                                                                                                                                                                                                                                                                                                                                                                                                                                                                                                                                                                                                                                                                                                                                                                                                                                                                                                                                                                                                                                                                                                                                                                                                                                                                                                                                                                                                                                                                                                                                                                                                                                                                                                                                                                                                                                                                                                                                                                                                                                                                                                                                                                                                                                                                                                                                                                                                                                                                                                                                                                                                                                                                                                                                                                                                                                                                                                                                                                                                                                                                                                                                                                                                                                                                                                                                                                                                                                                                                                                                                                                                                                                                                                                                                                                                              2026-09-30T04:04:51.572545+00:00,kafka-0,11m,585Mi
2026-09-30T04:04:51.572545+00:00,sftp-0,2m,1Mi
2026-09-30T04:04:51.572545+00:00,trishul-ram-manager-0,8m,139Mi
2026-09-30T04:04:51.572545+00:00,trishul-ram-worker-0,5m,74Mi
2026-09-30T04:04:51.572545+00:00,trishul-ram-worker-1,4m,71Mi
2026-09-30T04:04:51.572545+00:00,trishul-ram-worker-2,5m,46Mi
2026-09-30T04:04:56.720036+00:00,kafka-0,11m,585Mi
2026-09-30T04:04:56.720036+00:00,sftp-0,2m,1Mi
2026-09-30T04:04:56.720036+00:00,trishul-ram-manager-0,8m,139Mi
2026-09-30T04:04:56.720036+00:00,trishul-ram-worker-0,5m,74Mi
2026-09-30T04:04:56.720036+00:00,trishul-ram-worker-1,4m,71Mi
2026-09-30T04:04:56.720036+00:00,trishul-ram-worker-2,5m,46Mi
2026-09-30T04:05:01.846939+00:00,kafka-0,10m,585Mi
2026-09-30T04:05:01.846939+00:00,sftp-0,2m,1Mi
2026-09-30T04:05:01.846939+00:00,trishul-ram-manager-0,8m,139Mi
2026-09-30T04:05:01.846939+00:00,trishul-ram-worker-0,17m,77Mi
2026-09-30T04:05:01.846939+00:00,trishul-ram-worker-1,5m,71Mi
2026-09-30T04:05:01.846939+00:00,trishul-ram-worker-2,5m,46Mi
2026-09-30T04:05:06.956634+00:00,kafka-0,10m,585Mi
2026-09-30T04:05:06.956634+00:00,sftp-0,2m,1Mi
2026-09-30T04:05:06.956634+00:00,trishul-ram-manager-0,8m,139Mi
2026-09-30T04:05:06.956634+00:00,trishul-ram-worker-0,17m,77Mi
2026-09-30T04:05:06.956634+00:00,trishul-ram-worker-1,5m,71Mi
2026-09-30T04:05:06.956634+00:00,trishul-ram-worker-2,5m,46Mi
2026-09-30T04:05:12.049298+00:00,kafka-0,10m,585Mi
2026-09-30T04:05:12.049298+00:00,sftp-0,2m,1Mi
2026-09-30T04:05:12.049298+00:00,trishul-ram-manager-0,8m,139Mi
2026-09-30T04:05:12.049298+00:00,trishul-ram-worker-0,17m,77Mi
2026-09-30T04:05:12.049298+00:00,trishul-ram-worker-1,5m,71Mi
2026-09-30T04:05:12.049298+00:00,trishul-ram-worker-2,5m,46Mi
2026-09-30T04:05:17.148796+00:00,kafka-0,10m,585Mi
2026-09-30T04:05:17.148796+00:00,sftp-0,2m,1Mi
2026-09-30T04:05:17.148796+00:00,trishul-ram-manager-0,10m,139Mi
2026-09-30T04:05:17.148796+00:00,trishul-ram-worker-0,15m,77Mi
2026-09-30T04:05:17.148796+00:00,trishul-ram-worker-1,4m,71Mi
2026-09-30T04:05:17.148796+00:00,trishul-ram-worker-2,5m,46Mi
2026-09-30T04:05:22.238516+00:00,kafka-0,10m,585Mi
2026-09-30T04:05:22.238516+00:00,sftp-0,2m,1Mi
2026-09-30T04:05:22.238516+00:00,trishul-ram-manager-0,10m,139Mi
2026-09-30T04:05:22.238516+00:00,trishul-ram-worker-0,15m,77Mi
2026-09-30T04:05:22.238516+00:00,trishul-ram-worker-1,4m,71Mi
2026-09-30T04:05:22.238516+00:00,trishul-ram-worker-2,5m,46Mi
2026-09-30T04:05:27.324079+00:00,kafka-0,10m,585Mi
2026-09-30T04:05:27.324079+00:00,sftp-0,2m,1Mi
2026-09-30T04:05:27.324079+00:00,trishul-ram-manager-0,10m,139Mi
2026-09-30T04:05:27.324079+00:00,trishul-ram-worker-0,15m,77Mi
2026-09-30T04:05:27.324079+00:00,trishul-ram-worker-1,4m,71Mi
2026-09-30T04:05:27.324079+00:00,trishul-ram-worker-2,5m,46Mi
2026-09-30T04:05:32.428536+00:00,kafka-0,9m,585Mi
2026-09-30T04:05:32.428536+00:00,sftp-0,2m,1Mi
2026-09-30T04:05:32.428536+00:00,trishul-ram-manager-0,8m,139Mi
2026-09-30T04:05:32.428536+00:00,trishul-ram-worker-0,14m,77Mi
2026-09-30T04:05:32.428536+00:00,trishul-ram-worker-1,4m,71Mi
2026-09-30T04:05:32.428536+00:00,trishul-ram-worker-2,4m,46Mi
2026-09-30T04:05:37.522646+00:00,kafka-0,9m,585Mi
2026-09-30T04:05:37.522646+00:00,sftp-0,2m,1Mi
2026-09-30T04:05:37.522646+00:00,trishul-ram-manager-0,8m,139Mi
2026-09-30T04:05:37.522646+00:00,trishul-ram-worker-0,14m,77Mi
2026-09-30T04:05:37.522646+00:00,trishul-ram-worker-1,4m,71Mi
2026-09-30T04:05:37.522646+00:00,trishul-ram-worker-2,4m,46Mi
2026-09-30T04:05:42.635973+00:00,kafka-0,9m,585Mi
2026-09-30T04:05:42.635973+00:00,sftp-0,2m,1Mi
2026-09-30T04:05:42.635973+00:00,trishul-ram-manager-0,8m,139Mi
2026-09-30T04:05:42.635973+00:00,trishul-ram-worker-0,14m,77Mi
2026-09-30T04:05:42.635973+00:00,trishul-ram-worker-1,4m,71Mi
2026-09-30T04:05:42.635973+00:00,trishul-ram-worker-2,4m,46Mi
2026-09-30T04:05:47.777282+00:00,kafka-0,9m,585Mi
2026-09-30T04:05:47.777282+00:00,sftp-0,2m,1Mi
2026-09-30T04:05:47.777282+00:00,trishul-ram-manager-0,9m,139Mi
2026-09-30T04:05:47.777282+00:00,trishul-ram-worker-0,14m,77Mi
2026-09-30T04:05:47.777282+00:00,trishul-ram-worker-1,4m,71Mi
2026-09-30T04:05:47.777282+00:00,trishul-ram-worker-2,5m,46Mi
2026-09-30T04:05:52.885896+00:00,kafka-0,9m,585Mi
2026-09-30T04:05:52.885896+00:00,sftp-0,2m,1Mi
2026-09-30T04:05:52.885896+00:00,trishul-ram-manager-0,9m,139Mi
2026-09-30T04:05:52.885896+00:00,trishul-ram-worker-0,14m,77Mi
2026-09-30T04:05:52.885896+00:00,trishul-ram-worker-1,4m,71Mi
2026-09-30T04:05:52.885896+00:00,trishul-ram-worker-2,5m,46Mi
2026-09-30T04:05:57.980193+00:00,kafka-0,9m,585Mi
2026-09-30T04:05:57.980193+00:00,sftp-0,2m,1Mi
2026-09-30T04:05:57.980193+00:00,trishul-ram-manager-0,9m,139Mi
2026-09-30T04:05:57.980193+00:00,trishul-ram-worker-0,14m,77Mi
2026-09-30T04:05:57.980193+00:00,trishul-ram-worker-1,4m,71Mi
2026-09-30T04:05:57.980193+00:00,trishul-ram-worker-2,5m,46Mi
2026-09-30T04:06:03.085725+00:00,kafka-0,10m,585Mi
2026-09-30T04:06:03.085725+00:00,sftp-0,2m,1Mi
2026-09-30T04:06:03.085725+00:00,trishul-ram-manager-0,9m,139Mi
2026-09-30T04:06:03.085725+00:00,trishul-ram-worker-0,15m,77Mi
2026-09-30T04:06:03.085725+00:00,trishul-ram-worker-1,4m,71Mi
2026-09-30T04:06:03.085725+00:00,trishul-ram-worker-2,5m,46Mi
2026-09-30T04:06:08.192816+00:00,kafka-0,10m,585Mi
2026-09-30T04:06:08.192816+00:00,sftp-0,2m,1Mi
2026-09-30T04:06:08.192816+00:00,trishul-ram-manager-0,9m,139Mi
2026-09-30T04:06:08.192816+00:00,trishul-ram-worker-0,15m,77Mi
2026-09-30T04:06:08.192816+00:00,trishul-ram-worker-1,4m,71Mi
2026-09-30T04:06:08.192816+00:00,trishul-ram-worker-2,5m,46Mi
2026-09-30T04:06:13.309194+00:00,kafka-0,10m,585Mi
2026-09-30T04:06:13.309194+00:00,sftp-0,2m,1Mi
2026-09-30T04:06:13.309194+00:00,trishul-ram-manager-0,9m,139Mi
2026-09-30T04:06:13.309194+00:00,trishul-ram-worker-0,15m,77Mi
2026-09-30T04:06:13.309194+00:00,trishul-ram-worker-1,4m,71Mi
2026-09-30T04:06:13.309194+00:00,trishul-ram-worker-2,5m,46Mi
2026-09-30T04:06:18.419347+00:00,kafka-0,9m,585Mi
2026-09-30T04:06:18.419347+00:00,sftp-0,2m,1Mi
2026-09-30T04:06:18.419347+00:00,trishul-ram-manager-0,9m,139Mi
2026-09-30T04:06:18.419347+00:00,trishul-ram-worker-0,15m,77Mi
2026-09-30T04:06:18.419347+00:00,trishul-ram-worker-1,4m,71Mi
2026-09-30T04:06:18.419347+00:00,trishul-ram-worker-2,5m,46Mi
2026-09-30T04:06:23.527692+00:00,kafka-0,9m,585Mi
2026-09-30T04:06:23.527692+00:00,sftp-0,2m,1Mi
2026-09-30T04:06:23.527692+00:00,trishul-ram-manager-0,9m,139Mi
2026-09-30T04:06:23.527692+00:00,trishul-ram-worker-0,15m,77Mi
2026-09-30T04:06:23.527692+00:00,trishul-ram-worker-1,4m,71Mi
2026-09-30T04:06:23.527692+00:00,trishul-ram-worker-2,5m,46Mi
2026-09-30T04:06:28.633775+00:00,kafka-0,9m,585Mi
2026-09-30T04:06:28.633775+00:00,sftp-0,2m,1Mi
2026-09-30T04:06:28.633775+00:00,trishul-ram-manager-0,9m,139Mi
2026-09-30T04:06:28.633775+00:00,trishul-ram-worker-0,15m,77Mi
2026-09-30T04:06:28.633775+00:00,trishul-ram-worker-1,4m,71Mi
2026-09-30T04:06:28.633775+00:00,trishul-ram-worker-2,5m,46Mi
2026-09-30T04:06:33.754497+00:00,kafka-0,11m,585Mi
2026-09-30T04:06:33.754497+00:00,sftp-0,2m,1Mi
2026-09-30T04:06:33.754497+00:00,trishul-ram-manager-0,6m,139Mi
2026-09-30T04:06:33.754497+00:00,trishul-ram-worker-0,15m,77Mi
2026-09-30T04:06:33.754497+00:00,trishul-ram-worker-1,4m,71Mi
2026-09-30T04:06:33.754497+00:00,trishul-ram-worker-2,5m,46Mi
2026-09-30T04:06:38.846866+00:00,kafka-0,11m,585Mi
2026-09-30T04:06:38.846866+00:00,sftp-0,2m,1Mi
2026-09-30T04:06:38.846866+00:00,trishul-ram-manager-0,6m,139Mi
2026-09-30T04:06:38.846866+00:00,trishul-ram-worker-0,15m,77Mi
2026-09-30T04:06:38.846866+00:00,trishul-ram-worker-1,4m,71Mi
2026-09-30T04:06:38.846866+00:00,trishul-ram-worker-2,5m,46Mi
2026-09-30T04:06:43.940826+00:00,kafka-0,11m,585Mi
2026-09-30T04:06:43.940826+00:00,sftp-0,2m,1Mi
2026-09-30T04:06:43.940826+00:00,trishul-ram-manager-0,6m,139Mi
2026-09-30T04:06:43.940826+00:00,trishul-ram-worker-0,15m,77Mi
2026-09-30T04:06:43.940826+00:00,trishul-ram-worker-1,4m,71Mi
2026-09-30T04:06:43.940826+00:00,trishul-ram-worker-2,5m,46Mi
2026-09-30T04:06:49.077940+00:00,kafka-0,10m,585Mi
2026-09-30T04:06:49.077940+00:00,sftp-0,2m,1Mi
2026-09-30T04:06:49.077940+00:00,trishul-ram-manager-0,10m,139Mi
2026-09-30T04:06:49.077940+00:00,trishul-ram-worker-0,15m,77Mi
2026-09-30T04:06:49.077940+00:00,trishul-ram-worker-1,4m,71Mi
2026-09-30T04:06:49.077940+00:00,trishul-ram-worker-2,4m,46Mi
2026-09-30T04:06:54.174892+00:00,kafka-0,10m,585Mi
2026-09-30T04:06:54.174892+00:00,sftp-0,2m,1Mi
2026-09-30T04:06:54.174892+00:00,trishul-ram-manager-0,10m,139Mi
2026-09-30T04:06:54.174892+00:00,trishul-ram-worker-0,15m,77Mi
2026-09-30T04:06:54.174892+00:00,trishul-ram-worker-1,4m,71Mi
2026-09-30T04:06:54.174892+00:00,trishul-ram-worker-2,4m,46Mi
2026-09-30T04:06:59.284123+00:00,kafka-0,10m,585Mi
2026-09-30T04:06:59.284123+00:00,sftp-0,2m,1Mi
2026-09-30T04:06:59.284123+00:00,trishul-ram-manager-0,10m,139Mi
2026-09-30T04:06:59.284123+00:00,trishul-ram-worker-0,15m,77Mi
2026-09-30T04:06:59.284123+00:00,trishul-ram-worker-1,4m,71Mi
2026-09-30T04:06:59.284123+00:00,trishul-ram-worker-2,4m,46Mi
2026-09-30T04:07:04.383112+00:00,kafka-0,9m,585Mi
2026-09-30T04:07:04.383112+00:00,sftp-0,2m,1Mi
2026-09-30T04:07:04.383112+00:00,trishul-ram-manager-0,7m,139Mi
2026-09-30T04:07:04.383112+00:00,trishul-ram-worker-0,15m,77Mi
2026-09-30T04:07:04.383112+00:00,trishul-ram-worker-1,4m,71Mi
2026-09-30T04:07:04.383112+00:00,trishul-ram-worker-2,4m,46Mi
2026-09-30T04:07:09.485032+00:00,kafka-0,9m,585Mi
2026-09-30T04:07:09.485032+00:00,sftp-0,2m,1Mi
2026-09-30T04:07:09.485032+00:00,trishul-ram-manager-0,7m,139Mi
2026-09-30T04:07:09.485032+00:00,trishul-ram-worker-0,15m,77Mi
2026-09-30T04:07:09.485032+00:00,trishul-ram-worker-1,4m,71Mi
2026-09-30T04:07:09.485032+00:00,trishul-ram-worker-2,4m,46Mi
2026-09-30T04:07:14.603076+00:00,kafka-0,9m,585Mi
2026-09-30T04:07:14.603076+00:00,sftp-0,2m,1Mi
2026-09-30T04:07:14.603076+00:00,trishul-ram-manager-0,7m,139Mi
2026-09-30T04:07:14.603076+00:00,trishul-ram-worker-0,15m,77Mi
2026-09-30T04:07:14.603076+00:00,trishul-ram-worker-1,4m,71Mi
2026-09-30T04:07:14.603076+00:00,trishul-ram-worker-2,4m,46Mi
2026-09-30T04:07:19.704811+00:00,kafka-0,9m,585Mi
2026-09-30T04:07:19.704811+00:00,sftp-0,2m,1Mi
2026-09-30T04:07:19.704811+00:00,trishul-ram-manager-0,8m,139Mi
2026-09-30T04:07:19.704811+00:00,trishul-ram-worker-0,15m,77Mi
2026-09-30T04:07:19.704811+00:00,trishul-ram-worker-1,4m,71Mi
2026-09-30T04:07:19.704811+00:00,trishul-ram-worker-2,4m,46Mi
2026-09-30T04:07:24.814573+00:00,kafka-0,9m,585Mi
2026-09-30T04:07:24.814573+00:00,sftp-0,2m,1Mi
2026-09-30T04:07:24.814573+00:00,trishul-ram-manager-0,8m,139Mi
2026-09-30T04:07:24.814573+00:00,trishul-ram-worker-0,15m,77Mi
2026-09-30T04:07:24.814573+00:00,trishul-ram-worker-1,4m,71Mi
2026-09-30T04:07:24.814573+00:00,trishul-ram-worker-2,4m,46Mi
2026-09-30T04:07:29.909228+00:00,kafka-0,9m,585Mi
2026-09-30T04:07:29.909228+00:00,sftp-0,2m,1Mi
2026-09-30T04:07:29.909228+00:00,trishul-ram-manager-0,8m,139Mi
2026-09-30T04:07:29.909228+00:00,trishul-ram-worker-0,15m,77Mi
2026-09-30T04:07:29.909228+00:00,trishul-ram-worker-1,4m,71Mi
2026-09-30T04:07:29.909228+00:00,trishul-ram-worker-2,4m,46Mi
2026-09-30T04:07:35.028599+00:00,kafka-0,9m,585Mi
2026-09-30T04:07:35.028599+00:00,sftp-0,2m,1Mi
2026-09-30T04:07:35.028599+00:00,trishul-ram-manager-0,9m,139Mi
2026-09-30T04:07:35.028599+00:00,trishul-ram-worker-0,15m,77Mi
2026-09-30T04:07:35.028599+00:00,trishul-ram-worker-1,4m,71Mi
2026-09-30T04:07:35.028599+00:00,trishul-ram-worker-2,4m,46Mi
2026-09-30T04:07:40.122784+00:00,kafka-0,9m,585Mi
2026-09-30T04:07:40.122784+00:00,sftp-0,2m,1Mi
2026-09-30T04:07:40.122784+00:00,trishul-ram-manager-0,9m,139Mi
2026-09-30T04:07:40.122784+00:00,trishul-ram-worker-0,15m,77Mi
2026-09-30T04:07:40.122784+00:00,trishul-ram-worker-1,4m,71Mi
2026-09-30T04:07:40.122784+00:00,trishul-ram-worker-2,4m,46Mi
2026-09-30T04:07:45.213307+00:00,kafka-0,9m,585Mi
2026-09-30T04:07:45.213307+00:00,sftp-0,2m,1Mi
2026-09-30T04:07:45.213307+00:00,trishul-ram-manager-0,9m,139Mi
2026-09-30T04:07:45.213307+00:00,trishul-ram-worker-0,15m,77Mi
2026-09-30T04:07:45.213307+00:00,trishul-ram-worker-1,4m,71Mi
2026-09-30T04:07:45.213307+00:00,trishul-ram-worker-2,4m,46Mi
2026-09-30T04:07:50.305330+00:00,kafka-0,10m,588Mi
2026-09-30T04:07:50.305330+00:00,sftp-0,2m,1Mi
2026-09-30T04:07:50.305330+00:00,trishul-ram-manager-0,7m,139Mi
2026-09-30T04:07:50.305330+00:00,trishul-ram-worker-0,16m,77Mi
2026-09-30T04:07:50.305330+00:00,trishul-ram-worker-1,4m,71Mi
2026-09-30T04:07:50.305330+00:00,trishul-ram-worker-2,4m,46Mi
2026-09-30T04:07:55.400558+00:00,kafka-0,10m,588Mi
2026-09-30T04:07:55.400558+00:00,sftp-0,2m,1Mi
2026-09-30T04:07:55.400558+00:00,trishul-ram-manager-0,7m,139Mi
2026-09-30T04:07:55.400558+00:00,trishul-ram-worker-0,16m,77Mi
2026-09-30T04:07:55.400558+00:00,trishul-ram-worker-1,4m,71Mi
2026-09-30T04:07:55.400558+00:00,trishul-ram-worker-2,4m,46Mi
2026-09-30T04:08:00.515827+00:00,kafka-0,10m,588Mi
2026-09-30T04:08:00.515827+00:00,sftp-0,2m,1Mi
2026-09-30T04:08:00.515827+00:00,trishul-ram-manager-0,7m,139Mi
2026-09-30T04:08:00.515827+00:00,trishul-ram-worker-0,16m,77Mi
2026-09-30T04:08:00.515827+00:00,trishul-ram-worker-1,4m,71Mi
2026-09-30T04:08:00.515827+00:00,trishul-ram-worker-2,4m,46Mi
2026-09-30T04:08:05.619206+00:00,kafka-0,9m,586Mi
2026-09-30T04:08:05.619206+00:00,sftp-0,2m,1Mi
2026-09-30T04:08:05.619206+00:00,trishul-ram-manager-0,8m,139Mi
2026-09-30T04:08:05.619206+00:00,trishul-ram-worker-0,16m,77Mi
2026-09-30T04:08:05.619206+00:00,trishul-ram-worker-1,4m,71Mi
2026-09-30T04:08:05.619206+00:00,trishul-ram-worker-2,4m,46Mi
2026-09-30T04:08:10.723704+00:00,kafka-0,9m,586Mi
2026-09-30T04:08:10.723704+00:00,sftp-0,2m,1Mi
2026-09-30T04:08:10.723704+00:00,trishul-ram-manager-0,8m,139Mi
2026-09-30T04:08:10.723704+00:00,trishul-ram-worker-0,16m,77Mi
2026-09-30T04:08:10.723704+00:00,trishul-ram-worker-1,4m,71Mi
2026-09-30T04:08:10.723704+00:00,trishul-ram-worker-2,4m,46Mi
2026-09-30T04:08:15.817294+00:00,kafka-0,9m,586Mi
2026-09-30T04:08:15.817294+00:00,sftp-0,2m,1Mi
2026-09-30T04:08:15.817294+00:00,trishul-ram-manager-0,8m,139Mi
2026-09-30T04:08:15.817294+00:00,trishul-ram-worker-0,16m,77Mi
2026-09-30T04:08:15.817294+00:00,trishul-ram-worker-1,4m,71Mi
2026-09-30T04:08:15.817294+00:00,trishul-ram-worker-2,4m,46Mi
2026-09-30T04:08:20.912392+00:00,kafka-0,9m,585Mi
2026-09-30T04:08:20.912392+00:00,sftp-0,2m,1Mi
2026-09-30T04:08:20.912392+00:00,trishul-ram-manager-0,8m,139Mi
2026-09-30T04:08:20.912392+00:00,trishul-ram-worker-0,16m,77Mi
2026-09-30T04:08:20.912392+00:00,trishul-ram-worker-1,4m,71Mi
2026-09-30T04:08:20.912392+00:00,trishul-ram-worker-2,4m,46Mi
2026-09-30T04:08:26.001731+00:00,kafka-0,9m,585Mi
2026-09-30T04:08:26.001731+00:00,sftp-0,2m,1Mi
2026-09-30T04:08:26.001731+00:00,trishul-ram-manager-0,8m,139Mi
2026-09-30T04:08:26.001731+00:00,trishul-ram-worker-0,16m,77Mi
2026-09-30T04:08:26.001731+00:00,trishul-ram-worker-1,4m,71Mi
2026-09-30T04:08:26.001731+00:00,trishul-ram-worker-2,4m,46Mi
2026-09-30T04:08:31.098655+00:00,kafka-0,9m,585Mi
2026-09-30T04:08:31.098655+00:00,sftp-0,2m,1Mi
2026-09-30T04:08:31.098655+00:00,trishul-ram-manager-0,8m,139Mi
2026-09-30T04:08:31.098655+00:00,trishul-ram-worker-0,16m,77Mi
2026-09-30T04:08:31.098655+00:00,trishul-ram-worker-1,4m,71Mi
2026-09-30T04:08:31.098655+00:00,trishul-ram-worker-2,4m,46Mi
2026-09-30T04:08:36.193091+00:00,kafka-0,9m,586Mi
2026-09-30T04:08:36.193091+00:00,sftp-0,2m,1Mi
2026-09-30T04:08:36.193091+00:00,trishul-ram-manager-0,9m,139Mi
2026-09-30T04:08:36.193091+00:00,trishul-ram-worker-0,16m,77Mi
2026-09-30T04:08:36.193091+00:00,trishul-ram-worker-1,4m,71Mi
2026-09-30T04:08:36.193091+00:00,trishul-ram-worker-2,4m,46Mi
2026-09-30T04:08:41.282767+00:00,kafka-0,9m,586Mi
2026-09-30T04:08:41.282767+00:00,sftp-0,2m,1Mi
2026-09-30T04:08:41.282767+00:00,trishul-ram-manager-0,9m,139Mi
2026-09-30T04:08:41.282767+00:00,trishul-ram-worker-0,16m,77Mi
2026-09-30T04:08:41.282767+00:00,trishul-ram-worker-1,4m,71Mi
2026-09-30T04:08:41.282767+00:00,trishul-ram-worker-2,4m,46Mi
2026-09-30T04:08:46.388292+00:00,kafka-0,9m,586Mi
2026-09-30T04:08:46.388292+00:00,sftp-0,2m,1Mi
2026-09-30T04:08:46.388292+00:00,trishul-ram-manager-0,6m,139Mi
2026-09-30T04:08:46.388292+00:00,trishul-ram-worker-0,17m,77Mi
2026-09-30T04:08:46.388292+00:00,trishul-ram-worker-1,4m,71Mi
2026-09-30T04:08:46.388292+00:00,trishul-ram-worker-2,4m,46Mi
2026-09-30T04:08:51.511991+00:00,kafka-0,9m,586Mi
2026-09-30T04:08:51.511991+00:00,sftp-0,2m,1Mi
2026-09-30T04:08:51.511991+00:00,trishul-ram-manager-0,6m,139Mi
2026-09-30T04:08:51.511991+00:00,trishul-ram-worker-0,17m,77Mi
2026-09-30T04:08:51.511991+00:00,trishul-ram-worker-1,4m,71Mi
2026-09-30T04:08:51.511991+00:00,trishul-ram-worker-2,4m,46Mi
2026-09-30T04:08:56.651922+00:00,kafka-0,9m,586Mi
2026-09-30T04:08:56.651922+00:00,sftp-0,2m,1Mi
2026-09-30T04:08:56.651922+00:00,trishul-ram-manager-0,6m,139Mi
2026-09-30T04:08:56.651922+00:00,trishul-ram-worker-0,17m,77Mi
2026-09-30T04:08:56.651922+00:00,trishul-ram-worker-1,4m,71Mi
2026-09-30T04:08:56.651922+00:00,trishul-ram-worker-2,4m,46Mi
2026-09-30T04:09:01.746025+00:00,kafka-0,11m,586Mi
2026-09-30T04:09:01.746025+00:00,sftp-0,2m,1Mi
2026-09-30T04:09:01.746025+00:00,trishul-ram-manager-0,7m,139Mi
2026-09-30T04:09:01.746025+00:00,trishul-ram-worker-0,24m,78Mi
2026-09-30T04:09:01.746025+00:00,trishul-ram-worker-1,4m,71Mi
2026-09-30T04:09:01.746025+00:00,trishul-ram-worker-2,4m,46Mi
2026-09-30T04:09:06.837584+00:00,kafka-0,11m,586Mi
2026-09-30T04:09:06.837584+00:00,sftp-0,2m,1Mi
2026-09-30T04:09:06.837584+00:00,trishul-ram-manager-0,7m,139Mi
2026-09-30T04:09:06.837584+00:00,trishul-ram-worker-0,24m,78Mi
2026-09-30T04:09:06.837584+00:00,trishul-ram-worker-1,4m,71Mi
2026-09-30T04:09:06.837584+00:00,trishul-ram-worker-2,4m,46Mi
2026-09-30T04:09:11.926852+00:00,kafka-0,11m,586Mi
2026-09-30T04:09:11.926852+00:00,sftp-0,2m,1Mi
2026-09-30T04:09:11.926852+00:00,trishul-ram-manager-0,7m,139Mi
2026-09-30T04:09:11.926852+00:00,trishul-ram-worker-0,24m,78Mi
2026-09-30T04:09:11.926852+00:00,trishul-ram-worker-1,4m,71Mi
2026-09-30T04:09:11.926852+00:00,trishul-ram-worker-2,4m,46Mi
2026-09-30T04:09:17.023547+00:00,kafka-0,9m,586Mi
2026-09-30T04:09:17.023547+00:00,sftp-0,2m,1Mi
2026-09-30T04:09:17.023547+00:00,trishul-ram-manager-0,12m,139Mi
2026-09-30T04:09:17.023547+00:00,trishul-ram-worker-0,23m,74Mi
2026-09-30T04:09:17.023547+00:00,trishul-ram-worker-1,4m,71Mi
2026-09-30T04:09:17.023547+00:00,trishul-ram-worker-2,4m,46Mi
2026-09-30T04:09:22.127201+00:00,kafka-0,9m,586Mi
2026-09-30T04:09:22.127201+00:00,sftp-0,2m,1Mi
2026-09-30T04:09:22.127201+00:00,trishul-ram-manager-0,12m,139Mi
2026-09-30T04:09:22.127201+00:00,trishul-ram-worker-0,23m,74Mi
2026-09-30T04:09:22.127201+00:00,trishul-ram-worker-1,4m,71Mi
2026-09-30T04:09:22.127201+00:00,trishul-ram-worker-2,4m,46Mi
2026-09-30T04:09:27.228878+00:00,kafka-0,9m,586Mi
2026-09-30T04:09:27.228878+00:00,sftp-0,2m,1Mi
2026-09-30T04:09:27.228878+00:00,trishul-ram-manager-0,12m,139Mi
2026-09-30T04:09:27.228878+00:00,trishul-ram-worker-0,23m,74Mi
2026-09-30T04:09:27.228878+00:00,trishul-ram-worker-1,4m,71Mi
2026-09-30T04:09:27.228878+00:00,trishul-ram-worker-2,4m,46Mi
2026-09-30T04:09:32.318369+00:00,kafka-0,10m,586Mi
2026-09-30T04:09:32.318369+00:00,sftp-0,2m,1Mi
2026-09-30T04:09:32.318369+00:00,trishul-ram-manager-0,5m,139Mi
2026-09-30T04:09:32.318369+00:00,trishul-ram-worker-0,17m,74Mi
2026-09-30T04:09:32.318369+00:00,trishul-ram-worker-1,4m,71Mi
2026-09-30T04:09:32.318369+00:00,trishul-ram-worker-2,4m,46Mi
2026-09-30T04:09:37.408093+00:00,kafka-0,10m,586Mi
2026-09-30T04:09:37.408093+00:00,sftp-0,2m,1Mi
2026-09-30T04:09:37.408093+00:00,trishul-ram-manager-0,5m,139Mi
2026-09-30T04:09:37.408093+00:00,trishul-ram-worker-0,17m,74Mi
2026-09-30T04:09:37.408093+00:00,trishul-ram-worker-1,4m,71Mi
2026-09-30T04:09:37.408093+00:00,trishul-ram-worker-2,4m,46Mi
2026-09-30T04:09:42.516827+00:00,kafka-0,10m,586Mi
2026-09-30T04:09:42.516827+00:00,sftp-0,2m,1Mi
2026-09-30T04:09:42.516827+00:00,trishul-ram-manager-0,5m,139Mi
2026-09-30T04:09:42.516827+00:00,trishul-ram-worker-0,17m,74Mi
2026-09-30T04:09:42.516827+00:00,trishul-ram-worker-1,4m,71Mi
2026-09-30T04:09:42.516827+00:00,trishul-ram-worker-2,4m,46Mi
2026-09-30T04:09:47.648039+00:00,kafka-0,10m,586Mi
2026-09-30T04:09:47.648039+00:00,sftp-0,2m,1Mi
2026-09-30T04:09:47.648039+00:00,trishul-ram-manager-0,10m,139Mi
2026-09-30T04:09:47.648039+00:00,trishul-ram-worker-0,18m,74Mi
2026-09-30T04:09:47.648039+00:00,trishul-ram-worker-1,4m,71Mi
2026-09-30T04:09:47.648039+00:00,trishul-ram-worker-2,4m,46Mi
2026-09-30T04:09:52.748245+00:00,kafka-0,10m,586Mi
2026-09-30T04:09:52.748245+00:00,sftp-0,2m,1Mi
2026-09-30T04:09:52.748245+00:00,trishul-ram-manager-0,10m,139Mi
2026-09-30T04:09:52.748245+00:00,trishul-ram-worker-0,18m,74Mi
2026-09-30T04:09:52.748245+00:00,trishul-ram-worker-1,4m,71Mi
2026-09-30T04:09:52.748245+00:00,trishul-ram-worker-2,4m,46Mi
2026-09-30T04:09:57.868163+00:00,kafka-0,10m,586Mi
2026-09-30T04:09:57.868163+00:00,sftp-0,2m,1Mi
2026-09-30T04:09:57.868163+00:00,trishul-ram-manager-0,10m,139Mi
2026-09-30T04:09:57.868163+00:00,trishul-ram-worker-0,18m,74Mi
2026-09-30T04:09:57.868163+00:00,trishul-ram-worker-1,4m,71Mi
2026-09-30T04:09:57.868163+00:00,trishul-ram-worker-2,4m,46Mi
2026-09-30T04:10:02.984757+00:00,kafka-0,10m,586Mi
2026-09-30T04:10:02.984757+00:00,sftp-0,2m,1Mi
2026-09-30T04:10:02.984757+00:00,trishul-ram-manager-0,6m,139Mi
2026-09-30T04:10:02.984757+00:00,trishul-ram-worker-0,19m,74Mi
2026-09-30T04:10:02.984757+00:00,trishul-ram-worker-1,4m,71Mi
2026-09-30T04:10:02.984757+00:00,trishul-ram-worker-2,4m,46Mi
2026-09-30T04:10:08.084350+00:00,kafka-0,10m,586Mi
2026-09-30T04:10:08.084350+00:00,sftp-0,2m,1Mi
2026-09-30T04:10:08.084350+00:00,trishul-ram-manager-0,6m,139Mi
2026-09-30T04:10:08.084350+00:00,trishul-ram-worker-0,19m,74Mi
2026-09-30T04:10:08.084350+00:00,trishul-ram-worker-1,4m,71Mi
2026-09-30T04:10:08.084350+00:00,trishul-ram-worker-2,4m,46Mi
2026-09-30T04:10:13.178522+00:00,kafka-0,10m,586Mi
2026-09-30T04:10:13.178522+00:00,sftp-0,2m,1Mi
2026-09-30T04:10:13.178522+00:00,trishul-ram-manager-0,6m,139Mi
2026-09-30T04:10:13.178522+00:00,trishul-ram-worker-0,19m,74Mi
2026-09-30T04:10:13.178522+00:00,trishul-ram-worker-1,4m,71Mi
2026-09-30T04:10:13.178522+00:00,trishul-ram-worker-2,4m,46Mi
2026-09-30T04:10:18.279906+00:00,kafka-0,10m,586Mi
2026-09-30T04:10:18.279906+00:00,sftp-0,2m,1Mi
2026-09-30T04:10:18.279906+00:00,trishul-ram-manager-0,10m,139Mi
2026-09-30T04:10:18.279906+00:00,trishul-ram-worker-0,19m,74Mi
2026-09-30T04:10:18.279906+00:00,trishul-ram-worker-1,4m,71Mi
2026-09-30T04:10:18.279906+00:00,trishul-ram-worker-2,4m,46Mi
2026-09-30T04:10:23.383564+00:00,kafka-0,10m,586Mi
2026-09-30T04:10:23.383564+00:00,sftp-0,2m,1Mi
2026-09-30T04:10:23.383564+00:00,trishul-ram-manager-0,10m,139Mi
2026-09-30T04:10:23.383564+00:00,trishul-ram-worker-0,19m,74Mi
2026-09-30T04:10:23.383564+00:00,trishul-ram-worker-1,4m,71Mi
2026-09-30T04:10:23.383564+00:00,trishul-ram-worker-2,4m,46Mi
2026-09-30T04:10:28.480890+00:00,kafka-0,10m,586Mi
2026-09-30T04:10:28.480890+00:00,sftp-0,2m,1Mi
2026-09-30T04:10:28.480890+00:00,trishul-ram-manager-0,10m,139Mi
2026-09-30T04:10:28.480890+00:00,trishul-ram-worker-0,19m,74Mi
2026-09-30T04:10:28.480890+00:00,trishul-ram-worker-1,4m,71Mi
2026-09-30T04:10:28.480890+00:00,trishul-ram-worker-2,4m,46Mi
2026-09-30T04:10:33.608654+00:00,kafka-0,10m,586Mi
2026-09-30T04:10:33.608654+00:00,sftp-0,2m,1Mi
2026-09-30T04:10:33.608654+00:00,trishul-ram-manager-0,8m,139Mi
2026-09-30T04:10:33.608654+00:00,trishul-ram-worker-0,19m,74Mi
2026-09-30T04:10:33.608654+00:00,trishul-ram-worker-1,4m,71Mi
2026-09-30T04:10:33.608654+00:00,trishul-ram-worker-2,4m,46Mi
2026-09-30T04:10:38.739623+00:00,kafka-0,10m,586Mi
2026-09-30T04:10:38.739623+00:00,sftp-0,2m,1Mi
2026-09-30T04:10:38.739623+00:00,trishul-ram-manager-0,8m,139Mi
2026-09-30T04:10:38.739623+00:00,trishul-ram-worker-0,19m,74Mi
2026-09-30T04:10:38.739623+00:00,trishul-ram-worker-1,4m,71Mi
2026-09-30T04:10:38.739623+00:00,trishul-ram-worker-2,4m,46Mi
2026-09-30T04:10:43.848854+00:00,kafka-0,10m,586Mi
2026-09-30T04:10:43.848854+00:00,sftp-0,2m,1Mi
2026-09-30T04:10:43.848854+00:00,trishul-ram-manager-0,8m,139Mi
2026-09-30T04:10:43.848854+00:00,trishul-ram-worker-0,19m,74Mi
2026-09-30T04:10:43.848854+00:00,trishul-ram-worker-1,4m,71Mi
2026-09-30T04:10:43.848854+00:00,trishul-ram-worker-2,4m,46Mi
2026-09-30T04:10:48.943109+00:00,kafka-0,10m,586Mi
2026-09-30T04:10:48.943109+00:00,sftp-0,2m,1Mi
2026-09-30T04:10:48.943109+00:00,trishul-ram-manager-0,10m,139Mi
2026-09-30T04:10:48.943109+00:00,trishul-ram-worker-0,19m,74Mi
2026-09-30T04:10:48.943109+00:00,trishul-ram-worker-1,4m,71Mi
2026-09-30T04:10:48.943109+00:00,trishul-ram-worker-2,4m,46Mi
2026-09-30T04:10:54.076725+00:00,kafka-0,10m,586Mi
2026-09-30T04:10:54.076725+00:00,sftp-0,2m,1Mi
2026-09-30T04:10:54.076725+00:00,trishul-ram-manager-0,10m,139Mi
2026-09-30T04:10:54.076725+00:00,trishul-ram-worker-0,19m,74Mi
2026-09-30T04:10:54.076725+00:00,trishul-ram-worker-1,4m,71Mi
2026-09-30T04:10:54.076725+00:00,trishul-ram-worker-2,4m,46Mi
2026-09-30T04:10:59.171279+00:00,kafka-0,10m,586Mi
2026-09-30T04:10:59.171279+00:00,sftp-0,2m,1Mi
2026-09-30T04:10:59.171279+00:00,trishul-ram-manager-0,10m,139Mi
2026-09-30T04:10:59.171279+00:00,trishul-ram-worker-0,19m,74Mi
2026-09-30T04:10:59.171279+00:00,trishul-ram-worker-1,4m,71Mi
2026-09-30T04:10:59.171279+00:00,trishul-ram-worker-2,4m,46Mi
2026-09-30T04:11:04.269884+00:00,kafka-0,10m,586Mi
2026-09-30T04:11:04.269884+00:00,sftp-0,2m,1Mi
2026-09-30T04:11:04.269884+00:00,trishul-ram-manager-0,7m,139Mi
2026-09-30T04:11:04.269884+00:00,trishul-ram-worker-0,19m,74Mi
2026-09-30T04:11:04.269884+00:00,trishul-ram-worker-1,4m,71Mi
2026-09-30T04:11:04.269884+00:00,trishul-ram-worker-2,4m,46Mi
2026-09-30T04:11:09.356685+00:00,kafka-0,10m,586Mi
2026-09-30T04:11:09.356685+00:00,sftp-0,2m,1Mi
2026-09-30T04:11:09.356685+00:00,trishul-ram-manager-0,7m,139Mi
2026-09-30T04:11:09.356685+00:00,trishul-ram-worker-0,19m,74Mi
2026-09-30T04:11:09.356685+00:00,trishul-ram-worker-1,4m,71Mi
2026-09-30T04:11:09.356685+00:00,trishul-ram-worker-2,4m,46Mi
2026-09-30T04:11:14.444653+00:00,kafka-0,10m,586Mi
2026-09-30T04:11:14.444653+00:00,sftp-0,2m,1Mi
2026-09-30T04:11:14.444653+00:00,trishul-ram-manager-0,7m,139Mi
2026-09-30T04:11:14.444653+00:00,trishul-ram-worker-0,19m,74Mi
2026-09-30T04:11:14.444653+00:00,trishul-ram-worker-1,4m,71Mi
2026-09-30T04:11:14.444653+00:00,trishul-ram-worker-2,4m,46Mi
2026-09-30T04:11:19.540785+00:00,kafka-0,9m,586Mi
2026-09-30T04:11:19.540785+00:00,sftp-0,2m,1Mi
2026-09-30T04:11:19.540785+00:00,trishul-ram-manager-0,7m,139Mi
2026-09-30T04:11:19.540785+00:00,trishul-ram-worker-0,19m,74Mi
2026-09-30T04:11:19.540785+00:00,trishul-ram-worker-1,4m,71Mi
2026-09-30T04:11:19.540785+00:00,trishul-ram-worker-2,4m,46Mi
2026-09-30T04:11:24.631853+00:00,kafka-0,9m,586Mi
2026-09-30T04:11:24.631853+00:00,sftp-0,2m,1Mi
2026-09-30T04:11:24.631853+00:00,trishul-ram-manager-0,7m,139Mi
2026-09-30T04:11:24.631853+00:00,trishul-ram-worker-0,19m,74Mi
2026-09-30T04:11:24.631853+00:00,trishul-ram-worker-1,4m,71Mi
2026-09-30T04:11:24.631853+00:00,trishul-ram-worker-2,4m,46Mi
2026-09-30T04:11:29.728372+00:00,kafka-0,9m,586Mi
2026-09-30T04:11:29.728372+00:00,sftp-0,2m,1Mi
2026-09-30T04:11:29.728372+00:00,trishul-ram-manager-0,7m,139Mi
2026-09-30T04:11:29.728372+00:00,trishul-ram-worker-0,19m,74Mi
2026-09-30T04:11:29.728372+00:00,trishul-ram-worker-1,4m,71Mi
2026-09-30T04:11:29.728372+00:00,trishul-ram-worker-2,4m,46Mi
2026-09-30T04:11:34.838788+00:00,kafka-0,12m,586Mi
2026-09-30T04:11:34.838788+00:00,sftp-0,2m,1Mi
2026-09-30T04:11:34.838788+00:00,trishul-ram-manager-0,9m,139Mi
2026-09-30T04:11:34.838788+00:00,trishul-ram-worker-0,21m,74Mi
2026-09-30T04:11:34.838788+00:00,trishul-ram-worker-1,4m,71Mi
2026-09-30T04:11:34.838788+00:00,trishul-ram-worker-2,4m,46Mi
2026-09-30T04:11:39.929367+00:00,kafka-0,12m,586Mi
2026-09-30T04:11:39.929367+00:00,sftp-0,2m,1Mi
2026-09-30T04:11:39.929367+00:00,trishul-ram-manager-0,9m,139Mi
2026-09-30T04:11:39.929367+00:00,trishul-ram-worker-0,21m,74Mi
2026-09-30T04:11:39.929367+00:00,trishul-ram-worker-1,4m,71Mi
2026-09-30T04:11:39.929367+00:00,trishul-ram-worker-2,4m,46Mi
2026-09-30T04:11:45.020121+00:00,kafka-0,12m,586Mi
2026-09-30T04:11:45.020121+00:00,sftp-0,2m,1Mi
2026-09-30T04:11:45.020121+00:00,trishul-ram-manager-0,9m,139Mi
2026-09-30T04:11:45.020121+00:00,trishul-ram-worker-0,21m,74Mi
2026-09-30T04:11:45.020121+00:00,trishul-ram-worker-1,4m,71Mi
2026-09-30T04:11:45.020121+00:00,trishul-ram-worker-2,4m,46Mi
2026-09-30T04:11:50.110061+00:00,kafka-0,10m,586Mi
2026-09-30T04:11:50.110061+00:00,sftp-0,2m,1Mi
2026-09-30T04:11:50.110061+00:00,trishul-ram-manager-0,8m,140Mi
2026-09-30T04:11:50.110061+00:00,trishul-ram-worker-0,21m,74Mi
2026-09-30T04:11:50.110061+00:00,trishul-ram-worker-1,4m,71Mi
2026-09-30T04:11:50.110061+00:00,trishul-ram-worker-2,4m,46Mi
2026-09-30T04:11:55.198529+00:00,kafka-0,10m,586Mi
2026-09-30T04:11:55.198529+00:00,sftp-0,2m,1Mi
2026-09-30T04:11:55.198529+00:00,trishul-ram-manager-0,8m,140Mi
2026-09-30T04:11:55.198529+00:00,trishul-ram-worker-0,21m,74Mi
2026-09-30T04:11:55.198529+00:00,trishul-ram-worker-1,4m,71Mi
2026-09-30T04:11:55.198529+00:00,trishul-ram-worker-2,4m,46Mi
2026-09-30T04:12:00.301319+00:00,kafka-0,10m,586Mi
2026-09-30T04:12:00.301319+00:00,sftp-0,2m,1Mi
2026-09-30T04:12:00.301319+00:00,trishul-ram-manager-0,8m,140Mi
2026-09-30T04:12:00.301319+00:00,trishul-ram-worker-0,21m,74Mi
2026-09-30T04:12:00.301319+00:00,trishul-ram-worker-1,4m,71Mi
2026-09-30T04:12:00.301319+00:00,trishul-ram-worker-2,4m,46Mi
2026-09-30T04:12:05.397769+00:00,kafka-0,9m,586Mi
2026-09-30T04:12:05.397769+00:00,sftp-0,2m,1Mi
2026-09-30T04:12:05.397769+00:00,trishul-ram-manager-0,8m,140Mi
2026-09-30T04:12:05.397769+00:00,trishul-ram-worker-0,21m,74Mi
2026-09-30T04:12:05.397769+00:00,trishul-ram-worker-1,4m,71Mi
2026-09-30T04:12:05.397769+00:00,trishul-ram-worker-2,4m,46Mi
2026-09-30T04:12:10.506212+00:00,kafka-0,9m,586Mi
2026-09-30T04:12:10.506212+00:00,sftp-0,2m,1Mi
2026-09-30T04:12:10.506212+00:00,trishul-ram-manager-0,8m,140Mi
2026-09-30T04:12:10.506212+00:00,trishul-ram-worker-0,21m,74Mi
2026-09-30T04:12:10.506212+00:00,trishul-ram-worker-1,4m,71Mi
2026-09-30T04:12:10.506212+00:00,trishul-ram-worker-2,4m,46Mi
2026-09-30T04:12:15.613261+00:00,kafka-0,9m,586Mi
2026-09-30T04:12:15.613261+00:00,sftp-0,2m,1Mi
2026-09-30T04:12:15.613261+00:00,trishul-ram-manager-0,8m,140Mi
2026-09-30T04:12:15.613261+00:00,trishul-ram-worker-0,21m,74Mi
2026-09-30T04:12:15.613261+00:00,trishul-ram-worker-1,4m,71Mi
2026-09-30T04:12:15.613261+00:00,trishul-ram-worker-2,4m,46Mi
2026-09-30T04:12:20.712725+00:00,kafka-0,9m,586Mi
2026-09-30T04:12:20.712725+00:00,sftp-0,2m,1Mi
2026-09-30T04:12:20.712725+00:00,trishul-ram-manager-0,8m,139Mi
2026-09-30T04:12:20.712725+00:00,trishul-ram-worker-0,22m,74Mi
2026-09-30T04:12:20.712725+00:00,trishul-ram-worker-1,4m,71Mi
2026-09-30T04:12:20.712725+00:00,trishul-ram-worker-2,4m,46Mi
2026-09-30T04:12:25.820811+00:00,kafka-0,9m,586Mi
2026-09-30T04:12:25.820811+00:00,sftp-0,2m,1Mi
2026-09-30T04:12:25.820811+00:00,trishul-ram-manager-0,8m,139Mi
2026-09-30T04:12:25.820811+00:00,trishul-ram-worker-0,22m,74Mi
2026-09-30T04:12:25.820811+00:00,trishul-ram-worker-1,4m,71Mi
2026-09-30T04:12:25.820811+00:00,trishul-ram-worker-2,4m,46Mi
2026-09-30T04:12:30.909498+00:00,kafka-0,9m,586Mi
2026-09-30T04:12:30.909498+00:00,sftp-0,2m,1Mi
2026-09-30T04:12:30.909498+00:00,trishul-ram-manager-0,8m,139Mi
2026-09-30T04:12:30.909498+00:00,trishul-ram-worker-0,22m,74Mi
2026-09-30T04:12:30.909498+00:00,trishul-ram-worker-1,4m,71Mi
2026-09-30T04:12:30.909498+00:00,trishul-ram-worker-2,4m,46Mi
2026-09-30T04:12:36.008303+00:00,kafka-0,9m,586Mi
2026-09-30T04:12:36.008303+00:00,sftp-0,2m,1Mi
2026-09-30T04:12:36.008303+00:00,trishul-ram-manager-0,6m,139Mi
2026-09-30T04:12:36.008303+00:00,trishul-ram-worker-0,22m,74Mi
2026-09-30T04:12:36.008303+00:00,trishul-ram-worker-1,4m,71Mi
2026-09-30T04:12:36.008303+00:00,trishul-ram-worker-2,4m,46Mi
2026-09-30T04:12:41.169545+00:00,kafka-0,9m,586Mi
2026-09-30T04:12:41.169545+00:00,sftp-0,2m,1Mi
2026-09-30T04:12:41.169545+00:00,trishul-ram-manager-0,6m,139Mi
2026-09-30T04:12:41.169545+00:00,trishul-ram-worker-0,22m,74Mi
2026-09-30T04:12:41.169545+00:00,trishul-ram-worker-1,4m,71Mi
2026-09-30T04:12:41.169545+00:00,trishul-ram-worker-2,4m,46Mi
2026-09-30T04:12:46.307494+00:00,kafka-0,9m,586Mi
2026-09-30T04:12:46.307494+00:00,sftp-0,2m,1Mi
2026-09-30T04:12:46.307494+00:00,trishul-ram-manager-0,8m,139Mi
2026-09-30T04:12:46.307494+00:00,trishul-ram-worker-0,22m,74Mi
2026-09-30T04:12:46.307494+00:00,trishul-ram-worker-1,4m,71Mi
2026-09-30T04:12:46.307494+00:00,trishul-ram-worker-2,4m,46Mi
2026-09-30T04:12:51.406163+00:00,kafka-0,9m,586Mi
2026-09-30T04:12:51.406163+00:00,sftp-0,2m,1Mi
2026-09-30T04:12:51.406163+00:00,trishul-ram-manager-0,8m,139Mi
2026-09-30T04:12:51.406163+00:00,trishul-ram-worker-0,22m,74Mi
2026-09-30T04:12:51.406163+00:00,trishul-ram-worker-1,4m,71Mi
2026-09-30T04:12:51.406163+00:00,trishul-ram-worker-2,4m,46Mi
2026-09-30T04:12:56.493340+00:00,kafka-0,9m,586Mi
2026-09-30T04:12:56.493340+00:00,sftp-0,2m,1Mi
2026-09-30T04:12:56.493340+00:00,trishul-ram-manager-0,8m,139Mi
2026-09-30T04:12:56.493340+00:00,trishul-ram-worker-0,22m,74Mi
2026-09-30T04:12:56.493340+00:00,trishul-ram-worker-1,4m,71Mi
2026-09-30T04:12:56.493340+00:00,trishul-ram-worker-2,4m,46Mi
2026-09-30T04:13:01.585463+00:00,kafka-0,10m,586Mi
2026-09-30T04:13:01.585463+00:00,sftp-0,2m,1Mi
2026-09-30T04:13:01.585463+00:00,trishul-ram-manager-0,8m,140Mi
2026-09-30T04:13:01.585463+00:00,trishul-ram-worker-0,23m,74Mi
2026-09-30T04:13:01.585463+00:00,trishul-ram-worker-1,4m,71Mi
2026-09-30T04:13:01.585463+00:00,trishul-ram-worker-2,4m,46Mi
2026-09-30T04:13:06.675277+00:00,kafka-0,10m,586Mi
2026-09-30T04:13:06.675277+00:00,sftp-0,2m,1Mi
2026-09-30T04:13:06.675277+00:00,trishul-ram-manager-0,8m,140Mi
2026-09-30T04:13:06.675277+00:00,trishul-ram-worker-0,23m,74Mi
2026-09-30T04:13:06.675277+00:00,trishul-ram-worker-1,4m,71Mi
2026-09-30T04:13:06.675277+00:00,trishul-ram-worker-2,4m,46Mi
2026-09-30T04:13:11.782281+00:00,kafka-0,10m,586Mi
2026-09-30T04:13:11.782281+00:00,sftp-0,2m,1Mi
2026-09-30T04:13:11.782281+00:00,trishul-ram-manager-0,8m,140Mi
2026-09-30T04:13:11.782281+00:00,trishul-ram-worker-0,23m,74Mi
2026-09-30T04:13:11.782281+00:00,trishul-ram-worker-1,4m,71Mi
2026-09-30T04:13:11.782281+00:00,trishul-ram-worker-2,4m,46Mi
2026-09-30T04:13:16.876557+00:00,kafka-0,9m,586Mi
2026-09-30T04:13:16.876557+00:00,sftp-0,2m,1Mi
2026-09-30T04:13:16.876557+00:00,trishul-ram-manager-0,9m,140Mi
2026-09-30T04:13:16.876557+00:00,trishul-ram-worker-0,25m,74Mi
2026-09-30T04:13:16.876557+00:00,trishul-ram-worker-1,4m,71Mi
2026-09-30T04:13:16.876557+00:00,trishul-ram-worker-2,4m,46Mi
2026-09-30T04:13:21.982883+00:00,kafka-0,9m,586Mi
2026-09-30T04:13:21.982883+00:00,sftp-0,2m,1Mi
2026-09-30T04:13:21.982883+00:00,trishul-ram-manager-0,9m,140Mi
2026-09-30T04:13:21.982883+00:00,trishul-ram-worker-0,25m,74Mi
2026-09-30T04:13:21.982883+00:00,trishul-ram-worker-1,4m,71Mi
2026-09-30T04:13:21.982883+00:00,trishul-ram-worker-2,4m,46Mi
2026-09-30T04:13:27.088763+00:00,kafka-0,9m,586Mi
2026-09-30T04:13:27.088763+00:00,sftp-0,2m,1Mi
2026-09-30T04:13:27.088763+00:00,trishul-ram-manager-0,9m,140Mi
2026-09-30T04:13:27.088763+00:00,trishul-ram-worker-0,25m,74Mi
2026-09-30T04:13:27.088763+00:00,trishul-ram-worker-1,4m,71Mi
2026-09-30T04:13:27.088763+00:00,trishul-ram-worker-2,4m,46Mi
2026-09-30T04:13:32.183337+00:00,kafka-0,9m,586Mi
2026-09-30T04:13:32.183337+00:00,sftp-0,2m,1Mi
2026-09-30T04:13:32.183337+00:00,trishul-ram-manager-0,7m,140Mi
2026-09-30T04:13:32.183337+00:00,trishul-ram-worker-0,25m,74Mi
2026-09-30T04:13:32.183337+00:00,trishul-ram-worker-1,4m,71Mi
2026-09-30T04:13:32.183337+00:00,trishul-ram-worker-2,4m,46Mi
2026-09-30T04:13:37.273803+00:00,kafka-0,9m,586Mi
2026-09-30T04:13:37.273803+00:00,sftp-0,2m,1Mi
2026-09-30T04:13:37.273803+00:00,trishul-ram-manager-0,7m,140Mi
2026-09-30T04:13:37.273803+00:00,trishul-ram-worker-0,25m,74Mi
2026-09-30T04:13:37.273803+00:00,trishul-ram-worker-1,4m,71Mi
2026-09-30T04:13:37.273803+00:00,trishul-ram-worker-2,4m,46Mi
2026-09-30T04:13:42.365470+00:00,kafka-0,9m,586Mi
2026-09-30T04:13:42.365470+00:00,sftp-0,2m,1Mi
2026-09-30T04:13:42.365470+00:00,trishul-ram-manager-0,7m,140Mi
2026-09-30T04:13:42.365470+00:00,trishul-ram-worker-0,25m,74Mi
2026-09-30T04:13:42.365470+00:00,trishul-ram-worker-1,4m,71Mi
2026-09-30T04:13:42.365470+00:00,trishul-ram-worker-2,4m,46Mi
2026-09-30T04:13:47.461780+00:00,kafka-0,10m,588Mi
2026-09-30T04:13:47.461780+00:00,sftp-0,2m,1Mi
2026-09-30T04:13:47.461780+00:00,trishul-ram-manager-0,7m,140Mi
2026-09-30T04:13:47.461780+00:00,trishul-ram-worker-0,26m,75Mi
2026-09-30T04:13:47.461780+00:00,trishul-ram-worker-1,4m,71Mi
2026-09-30T04:13:47.461780+00:00,trishul-ram-worker-2,4m,46Mi
2026-09-30T04:13:52.555542+00:00,kafka-0,10m,588Mi
2026-09-30T04:13:52.555542+00:00,sftp-0,2m,1Mi
2026-09-30T04:13:52.555542+00:00,trishul-ram-manager-0,7m,140Mi
2026-09-30T04:13:52.555542+00:00,trishul-ram-worker-0,26m,75Mi
2026-09-30T04:13:52.555542+00:00,trishul-ram-worker-1,4m,71Mi
2026-09-30T04:13:52.555542+00:00,trishul-ram-worker-2,4m,46Mi
2026-09-30T04:13:57.648161+00:00,kafka-0,10m,588Mi
2026-09-30T04:13:57.648161+00:00,sftp-0,2m,1Mi
2026-09-30T04:13:57.648161+00:00,trishul-ram-manager-0,7m,140Mi
2026-09-30T04:13:57.648161+00:00,trishul-ram-worker-0,26m,75Mi
2026-09-30T04:13:57.648161+00:00,trishul-ram-worker-1,4m,71Mi
2026-09-30T04:13:57.648161+00:00,trishul-ram-worker-2,4m,46Mi
2026-09-30T04:14:02.741026+00:00,kafka-0,9m,586Mi
2026-09-30T04:14:02.741026+00:00,sftp-0,2m,1Mi
2026-09-30T04:14:02.741026+00:00,trishul-ram-manager-0,8m,140Mi
2026-09-30T04:14:02.741026+00:00,trishul-ram-worker-0,36m,78Mi
2026-09-30T04:14:02.741026+00:00,trishul-ram-worker-1,4m,71Mi
2026-09-30T04:14:02.741026+00:00,trishul-ram-worker-2,4m,46Mi
2026-09-30T04:14:07.831272+00:00,kafka-0,9m,586Mi
2026-09-30T04:14:07.831272+00:00,sftp-0,2m,1Mi
2026-09-30T04:14:07.831272+00:00,trishul-ram-manager-0,8m,140Mi
2026-09-30T04:14:07.831272+00:00,trishul-ram-worker-0,36m,78Mi
2026-09-30T04:14:07.831272+00:00,trishul-ram-worker-1,4m,71Mi
2026-09-30T04:14:07.831272+00:00,trishul-ram-worker-2,4m,46Mi
2026-09-30T04:14:12.922059+00:00,kafka-0,9m,586Mi
2026-09-30T04:14:12.922059+00:00,sftp-0,2m,1Mi
2026-09-30T04:14:12.922059+00:00,trishul-ram-manager-0,8m,140Mi
2026-09-30T04:14:12.922059+00:00,trishul-ram-worker-0,36m,78Mi
2026-09-30T04:14:12.922059+00:00,trishul-ram-worker-1,4m,71Mi
2026-09-30T04:14:12.922059+00:00,trishul-ram-worker-2,4m,46Mi
2026-09-30T04:14:18.027341+00:00,kafka-0,12m,586Mi
2026-09-30T04:14:18.027341+00:00,sftp-0,2m,1Mi
2026-09-30T04:14:18.027341+00:00,trishul-ram-manager-0,11m,140Mi
2026-09-30T04:14:18.027341+00:00,trishul-ram-worker-0,37m,74Mi
2026-09-30T04:14:18.027341+00:00,trishul-ram-worker-1,4m,71Mi
2026-09-30T04:14:18.027341+00:00,trishul-ram-worker-2,4m,46Mi
2026-09-30T04:14:23.113736+00:00,kafka-0,12m,586Mi
2026-09-30T04:14:23.113736+00:00,sftp-0,2m,1Mi
2026-09-30T04:14:23.113736+00:00,trishul-ram-manager-0,11m,140Mi
2026-09-30T04:14:23.113736+00:00,trishul-ram-worker-0,37m,74Mi
2026-09-30T04:14:23.113736+00:00,trishul-ram-worker-1,4m,71Mi
2026-09-30T04:14:23.113736+00:00,trishul-ram-worker-2,4m,46Mi
2026-09-30T04:14:28.201184+00:00,kafka-0,12m,586Mi
2026-09-30T04:14:28.201184+00:00,sftp-0,2m,1Mi
2026-09-30T04:14:28.201184+00:00,trishul-ram-manager-0,11m,140Mi
2026-09-30T04:14:28.201184+00:00,trishul-ram-worker-0,37m,74Mi
2026-09-30T04:14:28.201184+00:00,trishul-ram-worker-1,4m,71Mi
2026-09-30T04:14:28.201184+00:00,trishul-ram-worker-2,4m,46Mi
2026-09-30T04:14:33.286776+00:00,kafka-0,27m,601Mi
2026-09-30T04:14:33.286776+00:00,sftp-0,2m,1Mi
2026-09-30T04:14:33.286776+00:00,trishul-ram-manager-0,7m,140Mi
2026-09-30T04:14:33.286776+00:00,trishul-ram-worker-0,33m,74Mi
2026-09-30T04:14:33.286776+00:00,trishul-ram-worker-1,4m,71Mi
2026-09-30T04:14:33.286776+00:00,trishul-ram-worker-2,4m,46Mi
2026-09-30T04:14:38.374651+00:00,kafka-0,27m,601Mi
2026-09-30T04:14:38.374651+00:00,sftp-0,2m,1Mi
2026-09-30T04:14:38.374651+00:00,trishul-ram-manager-0,7m,140Mi
2026-09-30T04:14:38.374651+00:00,trishul-ram-worker-0,33m,74Mi
2026-09-30T04:14:38.374651+00:00,trishul-ram-worker-1,4m,71Mi
2026-09-30T04:14:38.374651+00:00,trishul-ram-worker-2,4m,46Mi
2026-09-30T04:14:43.459215+00:00,kafka-0,27m,601Mi
2026-09-30T04:14:43.459215+00:00,sftp-0,2m,1Mi
2026-09-30T04:14:43.459215+00:00,trishul-ram-manager-0,7m,140Mi
2026-09-30T04:14:43.459215+00:00,trishul-ram-worker-0,33m,74Mi
2026-09-30T04:14:43.459215+00:00,trishul-ram-worker-1,4m,71Mi
2026-09-30T04:14:43.459215+00:00,trishul-ram-worker-2,4m,46Mi
2026-09-30T04:14:48.555556+00:00,kafka-0,9m,586Mi
2026-09-30T04:14:48.555556+00:00,sftp-0,2m,1Mi
2026-09-30T04:14:48.555556+00:00,trishul-ram-manager-0,7m,140Mi
2026-09-30T04:14:48.555556+00:00,trishul-ram-worker-0,39m,74Mi
2026-09-30T04:14:48.555556+00:00,trishul-ram-worker-1,4m,71Mi
2026-09-30T04:14:48.555556+00:00,trishul-ram-worker-2,4m,46Mi
2026-09-30T04:14:53.652585+00:00,kafka-0,9m,586Mi
2026-09-30T04:14:53.652585+00:00,sftp-0,2m,1Mi
2026-09-30T04:14:53.652585+00:00,trishul-ram-manager-0,7m,140Mi
2026-09-30T04:14:53.652585+00:00,trishul-ram-worker-0,39m,74Mi
2026-09-30T04:14:53.652585+00:00,trishul-ram-worker-1,4m,71Mi
2026-09-30T04:14:53.652585+00:00,trishul-ram-worker-2,4m,46Mi
2026-09-30T04:14:58.740624+00:00,kafka-0,9m,586Mi
2026-09-30T04:14:58.740624+00:00,sftp-0,2m,1Mi
2026-09-30T04:14:58.740624+00:00,trishul-ram-manager-0,7m,140Mi
2026-09-30T04:14:58.740624+00:00,trishul-ram-worker-0,39m,74Mi
2026-09-30T04:14:58.740624+00:00,trishul-ram-worker-1,4m,71Mi
2026-09-30T04:14:58.740624+00:00,trishul-ram-worker-2,4m,46Mi
2026-09-30T04:15:03.831081+00:00,kafka-0,11m,590Mi
2026-09-30T04:15:03.831081+00:00,sftp-0,2m,1Mi
2026-09-30T04:15:03.831081+00:00,trishul-ram-manager-0,7m,140Mi
2026-09-30T04:15:03.831081+00:00,trishul-ram-worker-0,48m,74Mi
2026-09-30T04:15:03.831081+00:00,trishul-ram-worker-1,4m,71Mi
2026-09-30T04:15:03.831081+00:00,trishul-ram-worker-2,4m,46Mi
2026-09-30T04:15:08.918457+00:00,kafka-0,11m,590Mi
2026-09-30T04:15:08.918457+00:00,sftp-0,2m,1Mi
2026-09-30T04:15:08.918457+00:00,trishul-ram-manager-0,7m,140Mi
2026-09-30T04:15:08.918457+00:00,trishul-ram-worker-0,48m,74Mi
2026-09-30T04:15:08.918457+00:00,trishul-ram-worker-1,4m,71Mi
2026-09-30T04:15:08.918457+00:00,trishul-ram-worker-2,4m,46Mi
2026-09-30T04:15:14.002450+00:00,kafka-0,11m,590Mi
2026-09-30T04:15:14.002450+00:00,sftp-0,2m,1Mi
2026-09-30T04:15:14.002450+00:00,trishul-ram-manager-0,7m,140Mi
2026-09-30T04:15:14.002450+00:00,trishul-ram-worker-0,48m,74Mi
2026-09-30T04:15:14.002450+00:00,trishul-ram-worker-1,4m,71Mi
2026-09-30T04:15:14.002450+00:00,trishul-ram-worker-2,4m,46Mi
2026-09-30T04:15:19.085611+00:00,kafka-0,11m,586Mi
2026-09-30T04:15:19.085611+00:00,sftp-0,2m,1Mi
2026-09-30T04:15:19.085611+00:00,trishul-ram-manager-0,8m,140Mi
2026-09-30T04:15:19.085611+00:00,trishul-ram-worker-0,86m,74Mi
2026-09-30T04:15:19.085611+00:00,trishul-ram-worker-1,4m,71Mi
2026-09-30T04:15:19.085611+00:00,trishul-ram-worker-2,4m,46Mi
2026-09-30T04:15:24.175913+00:00,kafka-0,11m,586Mi
2026-09-30T04:15:24.175913+00:00,sftp-0,2m,1Mi
2026-09-30T04:15:24.175913+00:00,trishul-ram-manager-0,8m,140Mi
2026-09-30T04:15:24.175913+00:00,trishul-ram-worker-0,86m,74Mi
2026-09-30T04:15:24.175913+00:00,trishul-ram-worker-1,4m,71Mi
2026-09-30T04:15:24.175913+00:00,trishul-ram-worker-2,4m,46Mi
